latitude,longitude,cant_mesas,direccion,seccion,circuito,localidad,establecim,id,dne_seccio,hora
-63.87395000007332,-32.81290999485688,3,CABRERA,8,106,CABRERA,"ESC,PROV.E.F.OLMOS",6639,8,24
-62.380307143781096,-33.31810934893243,12,LIBERTAD 446,9,129,ISLA VERDE,INST SEC ISLA VERDE,6680,9,24
-63.87509953881975,-31.675549977334647,6,PILAR,16,240,PILAR,ESC JUAN BAUTISTA BUSTOS,6929,16,24
-62.97709873199994,-33.95136762520001,4,ALVEAR 220,17,249,LA CESIRA,ESC VICTIRIANO RODRIGUEZ,6958,17,24
-64.05148789999996,-30.06818640000005,2,CAMINIAGA,22,333,CAMINIAGA,ESC V LOPEZ Y PLANES,7140,22,24
-62.88589852958612,-33.56310221520851,10,CANALS,26,378,CANALS,ESC PROV J HERNANDEZ,7220,26,24
-62.885039558957,-33.56363155354126,12,CANALS,26,378,CANALS,INSTITUTO BELISARIO ROLDAN,7221,26,24
-63.09854930000836,-33.746495194351496,5,AVELLANEDA 182,26,402,VIAMONTE,INSTITUTO JUAN B ALBERDI,7248,26,24
-63.49112,-33.75796540000002,1,12 DE OCTUBRE 0,8,0110A,PACHECO DE MELO,"ESC,PROV.M.BELGRANO",6659,8,24
-63.852063899999926,-29.999045699999957,1,PUBLICA S/N,15,0227C,CHAÑAR VIEJO,ESC PROV G MARTINEZ PIZARRO,6910,15,24
-64.37723139999996,-32.24741809999996,1,PUBLICA S/N,2,16,ATHOS PAMPA,ESC PROV. M.BELGRANO,6432,2,19
-64.75644109699995,-32.095461360399995,5,LOS CONDORES,2,19,LOS CONDORES,ESC. PROV. FRENCH Y BERUTTI,6438,2,19
-64.10794929710535,-31.430106863987408,5,"MANZANA 7, B° VILLA BOEDO",1,0005H,,ESC. MADRE MARIA DEL TRANSITO,6158,1,19
-63.503903963034226,-32.360864067191045,4,RIVADAVIA 410,6,74,ARROYO CABRAL,ESC.PROV.D.V.SARSFIELD,6579,6,19
-63.503903963034226,-32.360864067191045,5,ARROYO CABRAL,6,74,ARROYO CABRAL,INST. SEC. COM. SAN JOSE,6580,6,19
-63.23368666019999,-32.30450454299996,1,RUTA PROV N 158 0,6,81,MOJARRAS,ESC.PROV. ISLAS MALVINAS,6588,6,19
-63.409349068799955,-32.612244258500006,2,FELIPE LORENZATTI 875,6,82,PALESTINA,ESC PROV CMTE L PIEDRABUENA,6589,6,19
-63.2488296,-32.527799199999976,1,PUBLICA S/N,6,84,SANABRIA,ESC PROV JOSE DE SAN MARTIN,6591,6,19
-63.434691302599965,-32.69466448719998,6,TICINO,6,87,TICINO,ESC. A. CAPDEVILA,6593,6,19
-63.246078927860836,-32.41781150734939,12,BELGRANO 302,6,89,VILLA MARIA,ESC.DR. J.BIANCO,6597,6,19
-63.2471,-32.4117,4,RUCCI 141,6,89,VILLA MARIA,INSTITUTO SAN ANTONIO,6606,6,19
-64.36537157019998,-30.580031133800002,1,PUBLICA S/N,7,97,ISCHILIN,ESCUELA FERNANDO FADER,6625,7,19
-64.46677189989994,-30.207553615499965,3,VELEZ SARSFIELD 0,7,100,QUILINO VILLA,ESC.PROV.D.V.SARSFIELD,6629,7,19
-64.44612852199994,-30.45417307109997,1,PUBLICA S/N,7,101,SAN PEDRO DE TOYOS,ESC PROV JOAQUIN V GONZALEZ,6630,7,19
-64.20765110896228,-31.44900430099411,1,VIRGILIO MOYANO 830,1,0010B,B° RESIDENCIAL VELEZ,J DE INF REPUBLICA DE SIRIA,6227,1,19
-62.62235999993887,-33.60715999442508,4,HIPOLITO YRIGOYEN 757,9,119,ALEJO LEDESMA,INSTITUTO SEC. V.SARSFIELD,6662,9,19
-64.24046054610669,-31.39113307622726,6,LA TABLADA 4861,1,0011K,VILLA URQUIZA,IPEM 318 COMBATE DE LA TABLADA,6309,1,19
-62.599424599965644,-33.396084594538685,7,AV CORDOBA 324,9,127,GUATIMOZIN,ESC DALMACIO VELEZ SARSFIELD,6677,9,19
-62.099789087654514,-32.699289733876896,13,LARDIZABAL 545,9,133,MARCOS JUAREZ,COLEGIO SAGRADO CORAZON,6686,9,19
-65.30273585179992,-31.222911548799996,1,PUBLICA S/N,10,140,LA ARGENTINA,ESC PROV GREGORIA PEREZ,6703,10,19
-64.22380793470316,-31.375241121558087,4,OB MOSCOSO Y PERALRA 2772,1,0014M,ALTO PALERMO CAPITAL,ESC LUZ VIEYRA MENDEZ,6419,1,19
-64.02166842400518,-33.63861152147946,9,AV SAN MARTIN 1050 CENTRO,13,161,ADELIA MARIA,INSTITUTO ADELIA MARIA,6784,13,19
-64.67822469999999,-33.507924099999975,4,SARMIENTO 187,13,167,BULNES,ESC.FRAY M.ALVAREZ,6799,13,19
-64.73785855399998,-31.916138677,1,PUBLICA 0,2,0016C,VILLA BERNA,ESC. JOAQUIN V. GONZALEZ,6452,2,19
-64.29067807571128,-32.58091227448553,5,PASAJE CURA BROCHERO 189,13,170,ELENA,INST SEC LA ASUNCION DE MARIA,6803,13,19
-64.35266579999998,-33.002479600000015,1,RUTA NACIONAL 36 KM 614 S/N,13,171,ESPINILLO,ESC PROV JOSE DE SAN MARTIN,6804,13,19
-64.08311973162294,-33.978889710108376,3,SAN MARTIN S/N,13,174,LA CAUTIVA,ESC PROV JOSE DE SAN MARTIN,6808,13,19
-64.25728989799997,-33.21021970149997,1,PUBLICA S/N,13,175,LA GILDA,ESC PROV JOSE DE SAN MARTIN,6809,13,19
-64.57900319446398,-33.071213011199916,1,PUBLICA S/N,13,181,LOS CUATRO VIENTOS,ESC ANTONIO SOBRAL,6816,13,19
-64.53835313372149,-32.06617225911375,1,CALERAS DE CALAMUCHITA,2,0018B,CALERAS DE CALAMUCH.,ESCUELA PROVINCIAL,6454,2,19
-64.4575602,-33.82049280000002,2,AVELLANEDA 181,13,193,TOSQUITA,ESC.PROV.J.M.ESTRADA,6854,13,19
-63.51668212309993,-30.564001841300012,1,JOAQUIN V GONZALEZ S/N,14,197,LA POSTA,ESC PROV JOAQUIN V GONZALEZ,6863,14,19
-63.38192113840905,-31.964077962264227,5,ADALGISA 427,16,233,COLAZO,ESC PROV SEMANA DE MAYO,6916,16,19
-63.389784660588695,-34.12854661718743,8,AV INDEPENDENCIA(B°SUR) 284,17,248,LABOULALE,ESC JUAN PASCUAL PRINGLES,6954,17,19
-65.18772095035659,-31.94980275946419,8,HORMAECHE (B°JARDIN) 375,19,268,DOLORES,COLEGIO SAGRADO CORAZON,6994,19,19
-62.63319999992935,-31.407109995656807,6,LA FRANCIA,20,293,LA FRANCIA,ESC PROV DAMAS PATRICIAS,7042,20,19
-62.135089900000025,-31.3055854,2,PUBLICA S/N,20,299,LUXARDO,ESC CONSTANCIO LUXARDO,7052,20,19
-62.360735789749796,-31.250494212027075,4,SARMIENTO 295,20,300,MARINA,INST SEC MANUEL DORREGO,7053,20,19
-63.040359999986315,-31.66335999550772,5,ITUZAINGO 251,20,308,SACANTA,ESCUELA ITUZAINGO,7065,20,19
-64.01759036649993,-31.02837484639998,1,LOTE XVII S/N,3,0033A,COL VICENTE AGUERO,ESC PROV VICENTE AGUERO,6519,3,19
-63.46686000003418,-32.15917999522333,7,JAMES CRAIK,23,341,JAMES CRAIK,ESC PROV J M SALGUEIRO,7153,23,19
-63.46686000003418,-32.15917999522333,6,JAMES CRAIK,23,341,JAMES CRAIK,INST SEC JOSE M ESTRADA,7154,23,19
-64.10355539660631,-32.1721117092924,6,HILARIO CUADROS Y EDMUNDO  CARTOS S/N,23,348,RIO TERCERO,COLEGIO C SAAVEDRA LAMAS,7164,23,19
-64.0006993,-30.56442619999999,5,LIDORO CENTURION 324,24,352,LAS PEÑAS,ESC.PROV.J.F.KENNEDY,7181,24,19
-63.98265590099999,-30.476207264399964,1,PUBLICA 0,24,356,SIMBOLAR,ESC.PROV.F.AMEGHINO,7185,24,19
-64.41763358076929,-30.03084906819181,1,CAMINO PROVINCIAL S/N,25,363,ISLA DE SAN ANTONIO,ESC PROV JOSE MARMOL,7196,25,19
-63.103020299999926,-32.49194029999999,1,PUBLICA 0,26,379,CARCANO,ESC.PROV.A.M.ZUMARAN D CARCANO,7222,26,19
-62.650021,-32.306678900000016,4,BELGRANO 548,26,381,CINTRA,ESC DE COM JOSE M.ESTRADA,7223,26,19
-62.6751621085091,-32.88429925644053,5,DEAN FUNES 346,26,396,POSSE,ESC PROV JUANA MANSO,7241,26,19
-62.67070551021401,-32.88471276929653,5,9 DE JULIO Y COLON,26,396,J POSSE,INSTITUTO SAN JOSE,7243,26,19
-62.9143113,-33.69732060000003,1,PUBLICA S/N,26,401,SANTA MARIA,ESC PROV PAULA ALBARRACIN,7247,26,19
-65.03432300329204,-30.54423425310587,1,ALTO DE LOS QUEBRACH,4,0046B,ALTODE LOS QUEBRACH,ESCUELA PROVINCIAL,6553,4,19
-64.30717916527927,-30.483657147498313,1,CANTERAS,7,0091A,CANTERAS,ESC.PROV.J.V.RECLA,6631,7,19
-64.85271674844891,-30.601139040327343,2,PUBLICA 0,7,0096A,OLIVARES DE S.NICOLA,ESC.PROV.GUIDO SPANO,6634,7,19
-62.293859190299976,-32.83536907600001,1,VILLA ELISA,9,0131A,VILLA ELISA,ESCUELA VICTORIA OCAMPO,6700,9,19
-65.24655844639999,-31.21670318340002,1,OJO DE AGUA DE TOTOX,10,0140A,OJO DE AGUA DE TOTOX,ESC MARTIN MIGUEL DE GUEMES,6712,10,19
-65.016636,-31.6686367,3,PUBLICA S/N,18,0261A,SAN LORENZO,ESC PROV JUAN MARTIN RECALDE,6981,18,19
-62.896793718199966,-31.631808486299974,1,PUBLICA 0,20,0288A,VILLA SAN ESTEBAN,ESCUELA PROV. ANTONIO SOBRAL,7082,20,19
-62.23664507639994,-31.118891836400014,1,PUBLICA S/N,20,0291A,COLONIA ANITA,ESC PROV RAMON J CARCANO,7083,20,19
-62.0822,-31.4298,6,25 DE MAYO(B°ITURRASPE) 1414,20,0310A,SAN FRANCISCO NORTE,COLEGIO SAGRADO CORAZON,7087,20,19
-64.2847995,-31.525073499999987,3,ANICETO GRANADO S/N,21,0316E,LOS CEDROS,ESC PROV CATALINA E DE BARON,7128,21,19
-64.18965445684096,-31.414637452814794,7,DEAN FUNES 417,1,1,CAPITAL,CENTRO EDUC.NIVEL MEDIO ADULTO,6089,1,20
-64.18425888268992,-31.40965228497393,17,GRAL PAZ 486,1,2,CAPITAL,ESC JUAN BAUTISTA ALBERDI,6093,1,20
-64.20015002427739,-31.40785429028379,14,SANTA ROSA ESQ SANTA FE,1,3,CAPITAL,ESC MARIANO MORENO,6095,1,20
-64.195136178957,-31.415652251109837,8,CASEROS 745,1,3,CAPITAL,ESC SANTO TOMAS,6097,1,20
-64.18957594273405,-31.43137799556613,16,PERU 10,1,4,CAPITAL,COL NACIONAL DEAN FUNES,6099,1,20
-64.12537117308861,-31.421739258667873,8,SOTO 919 - B°ACOST,1,5,CAPITAL,ESC PANAMERICANA,6107,1,20
-64.15657835123535,-31.405139739482667,9,GARIBALDI 710 B°ALTO GRAL  PAZ,1,6,CAPITAL,ESC TENIENTE GRAL ARAMBURU,6109,1,20
-64.12283223837667,-31.3885796906014,2,OCARINA 1613 - B° V CLAUDINA,1,8,CAPITAL,ESC RABINDRANAT TAGORE,6111,1,20
-64.2716764602773,-31.430690718582415,12,SUBOF OTANO S/N° B°  AERONAUTICO,1,11,CAPITAL,ESC ISABEL LA CATOLICA,6118,1,20
-64.09829101717945,-31.4619965760198,5,LOS ALGARROBOS/ESPINILLOS,1,12,B°LOS SAUCES CAPITAL,ESC MUNIC OSCAR SOTO LOPEZ,6121,1,20
-64.57285640000002,-32.1751529,1,AYLLU 0,2,15,AMBOY,ESC PROV D VELEZ SARFIELD,6431,2,20
-64.39894978736413,-32.21479858617304,10,TUCUMAN 121,2,17,EMBALSE,ESCUELA B. ROLDAN,6433,2,20
-64.42026029600852,-32.213740082102206,10,CAMINO A HOTELES DE U.T.E.  PUBLICA 0,2,17,EMBALSE,ESCUELA R. OBLIGADO,6434,2,20
-64.48340059999997,-32.30300539999998,3,SARMIENTO 376,2,18,LA CRUZ,ESC PROV DOMINGO F SARMIENTO,6435,2,20
-64.48321562413902,-32.30215400138417,2,SARMIENTO 236,2,18,LA CRUZ,INST DR D VELEZ SARSFIELD,6436,2,20
-64.37760192328378,-31.976113141009677,5,SAN AGUSTIN,2,25,SAN AGUSTIN,ESC. PROV.GRAL. SAN MARTIN,6445,2,20
-64.53870519417471,-32.0669002523095,6,GUEMES 162,2,26,SANTA ROSA DE  CALAMU,PRIM-EL MUNDO DE LOS CHICOS,6448,2,20
-64.06294497965098,-31.02093559788337,6,COLONIA CAROYA,3,29,COLONIA CAROYA,IPEM 165 ANEXO J.BONORIS,6476,3,20
-64.0675929922478,-31.2282770052648,5,PUBLICA S/N,3,30,COLONIA TIROLESA,ESC PROV DR PABLO RUEDA,6477,3,20
-64.28971409149995,-31.092007633600044,3,EL MANZANO SOBRE RUTA E 53,3,31,EL MANZANO,ESC.PROV.A.ARGENTINA,6479,3,20
-64.09839229805264,-30.98431115750903,15,CORDOBA (PARALEA A JUAN B  JUSTO) 1050,3,33,,PTE DOMINGO F SARMIENTO,6486,3,20
-64.06718895840577,-31.16495027399371,1,PUBLICA S/N,3,36,LA PUERTA,ESC PROV SARGENTO CABRAL,6493,3,20
-64.28823100011188,-31.137853994978364,4,CERRITO 0,3,38,SALSIPUEDES,ESCUELA RECONQUISTA,6500,3,20
-65.05273169999992,-30.7943682,2,PUBLICA S/N,4,42,BAÑADO DE SOTO,ESCUELA PROV.M. MORENO,6526,4,20
-64.19257543242836,-31.447325429691922,7,CHANETON 390 B° SAN  FERNANDO,1,0004A,CAPITAL,ESC ALMAFUERTE,6126,1,20
-64.19203211427016,-31.447445124041117,7,CHANETON 390 B° SAN  FERNANDO,1,0004A,CAPITAL,ESC ALMAFUERTE,6126,1,20
-64.20379101077913,-31.471636383623594,5,DEFENSA S/N° LA HUERTILLA,1,0004C,CAPITAL,ESC L SUAREZ DE FIGUEROA,6133,1,20
-64.93142359822171,-30.64135357585006,3,MEDIA NARANJA,4,50,MEDIA NARANJA,ESCUELA M. GUEMES,6538,4,20
-64.1150773061173,-31.424788501903688,6,S JERONIMO 5500/ALMAGRO  COL LOLA,1,0005A,CAPITAL,ESC MUNICIPAL A GASTALDI,6139,1,20
-64.13987838484364,-31.420491549076512,8,"OB.CASTELLANO 955,S.VICENTE",1,0005D,CAPITAL,IPEM 184-M.FRAGUEIRO,6149,1,20
-64.12179393832969,-31.41938439337228,12,M BRAVO Y PJE.MATHEUB°  RENACIMIENTO,1,0005F,CAPITAL,ESC M COOPERATIVISMO ARGENTINO,6152,1,20
-64.15807076684591,-31.425925747872895,9,CORRIENTES 2006 B°SAN  VICENTE,1,0005G,CAPITAL,ESC MARIA IGNACIA NAVARRO DE L,6155,1,20
-64.10852740275855,-31.443804798352353,4,CALLE PUBLICA S/N (CNO VILLA  POSSE),1,0005I,B° CIUDAD EVITA,ESCUELA HEROES DE MALVINAS,6160,1,20
-64.18804935665528,-31.39629841639877,9,JERONIMO LUIS DE CABRERA  834,1,0007D,CAPITAL,ESC. GARCIA FAURE,6180,1,20
-64.18693686549541,-31.366455983854266,2,AVELLANEDA 4100 B°M  FRAGUEIRO,1,0007G,CAPITAL,J DE INF ARTURO CAPDEVILA,6192,1,20
-63.34053902759996,-32.7470387648,4,PASCO,6,83,PASCO,ESC.PROV.D.F.SARMIENTO,6590,6,20
-63.461953661239804,-32.2913386262478,9,TIO PUJIO,6,88,TIO PUJIO,ESC.R.DE ESCALADA,6594,6,20
-63.24345985132633,-32.40928987722655,13,SANTA FE 1271,6,89,VILLA MARIA,ESC.J.INGENIEROS,6598,6,20
-63.24525059029585,-32.40411656600996,10,CHILE 565,6,89,VILLA MARIA,ESC.REP.DEL PARAGUAY,6601,6,20
-63.25421926827582,-32.413095660309445,10,NAC. UNIDAS 385,6,89,VILLA MARIA,ESCUELA J.MARMOL,6602,6,20
-63.1481429000128,-32.46656179504918,30,BV.ALVEAR 68,6,89,VILLA MARIA,INSTITUTO DEL ROSARIO,6605,6,20
-63.24835746844768,-32.43693243881911,8,MITRE 1147,6,90,VILLA NUEVA,ESC.BME.MITRE,6608,6,20
-63.24606996238263,-32.43613192984504,13,CABANILLAS 400,6,90,VILLA NUEVA,INSTITUTO INMAC.CONCEPCION,6611,6,20
-64.20659939999994,-30.595175099999974,2,PUBLICA S/N,7,91,AVELLANEDA,ESC.PROV.FRAY M. ESQUIU,6615,7,20
-64.53872684400002,-30.409496724900013,1,PUBLICA S/N,7,98,JAIME PETER,ESCUELA FRAY GUILLERMO BUTLER,6626,7,20
-64.20933815820462,-31.37417363143953,8,CIUDAD DEL BARCO 3315 LA  FRANC,1,0009A,CAPITAL,COL PQUIAL C NAMUNCURA,6203,1,20
-64.21225116900388,-31.376901123513772,6,MALVINO 2772 B°LAS  MARGARITAS,1,0009B,CAPITAL,ESC CONGRESO DE TUCUMAN,6205,1,20
-64.22090906795206,-31.371739340709063,10,LA GRANJA 3199 B°ALTO VERDE,1,0009B,CAPITAL,ESC MIGUEL RODRIGUEZ DE LA TOR,6206,1,20
-64.20164113486338,-31.37662112353137,7,ZARATE 2083 - B° ZUMARAN,1,0009C,CAPITAL,ESC JUVENILIA,6210,1,20
-63.78612000006516,-32.75642999488808,6,DEHEZA,8,109,DEHEZA,INSTITUTO SEC. 25 DE MAYO,6647,8,20
-64.2337751009022,-31.488338604515853,8,COLORADO/GAIMAN/MASCACHI N B°CABILDO,1,0010A,CAPITAL,ESC MUN YAMAHIBIA ARABE LIBIA,6222,1,20
-64.21239525728174,-31.44881891263251,11,CACHEUTA Y BRANDAN-ALTO  V.SARSFIELD,1,0010B,CAPITAL,ESC GDOR J B BUSTOS,6224,1,20
-64.21059763477588,-31.45212195637611,6,TRAFUL 908 B°PQUE ATLANTICA,1,0010B,CAPITAL,ESC REPUBLICA DE SIRIA,6226,1,20
-64.23381053862315,-31.467157511676977,6,REALICO Y CURAZAO B°  CONGRESO,1,0010D,CAPITAL,ESC MUNIC REPUBLICA DE ITALIA,6230,1,20
-64.24888440203226,-31.448582571770515,9,PETIROSSI Y BONN-ESTACION  FLORES,1,0010E,CAPITAL,ESC ALAS ARGENTINA,6232,1,20
-64.26331525642607,-31.454514370719508,5,PUBLICA S/N B°SACHI,1,0010E,CAPITAL,ESC MUNIC CESAR E ROMERO,6234,1,20
-64.25122867566485,-31.4358691985505,1,LEOPOLDO CASAVEGA 2320,1,0010E,B° VILLA ADELA,J DE INF CADETES FUERZA AEREA,6236,1,20
-64.23651246481808,-31.43838632120381,10,ESMERALDA/CAP GRELLA B°  MATIENZO,1,0010F,CAPITAL,ESC AERONAUTICA ARGENTINA,6238,1,20
-64.23642277287796,-31.44419900639888,6,DIAZ DE LA FUENTE 3101  B°MATIENZO,1,0010F,CAPITAL,ESC MIGUEL A ZABALA ORTIZ,6239,1,20
-64.22638454284227,-31.435315960692922,5,O NAVARRO 2751,1,0010H,ROSEDAL ANEXO,IPEM 154 MARTIN M DE GUEMES,6248,1,20
-64.21666797802112,-31.469027810768008,8,PILCOMAYO S/N°V EL  LIBERTADOR,1,0010L,CAPITAL,ESC MUNIC ALICIA MOREAU DE JUS,6259,1,20
-64.20760460646012,-31.477491101002506,11,TOTORAL Y ARICA B°SANTA  ROSA,1,0010L,CAPITAL,ESC PTE DR ARTURO U ILLIA,6262,1,20
-64.22015782637787,-31.47215344562801,10,"IBARRA ESQUINA  COSQUIN,VA.EL LIBERT.",1,0010L,,IPEM 123BLANCA ECHEMENDI,6264,1,20
-64.2280589761498,-31.4829784424284,3,B° AMPLIACION CABILDO 0,1,0010M,AMPLIACION CABILDO,ESC PRIMARIA GRACIELA DEL RIO,6266,1,20
-63.542358800000024,-33.66491779999997,1,PUBLICA S/N,8,110,EL RASTREADOR,ESC CARLOS MARIA DE ALVEAR,6648,8,20
-63.6386182899692,-33.66586107222445,4,CARLOS ALBERTO MAYOL S/N,8,111,HUANCHILLA,ESC PROV DOMINGO F SARMIENTO,6649,8,20
-63.299674224371934,-33.420995689647015,8,9 DE JULIO 271,8,112,LA CARLOTA,INST.NTA.M.DE LAS MERCEDES,6652,8,20
-63.50573000003836,-33.03205999473611,7,UCACHA,8,118,UCACHA,ESC.MARTIN GUERRICO,6657,8,20
-62.62235999993887,-33.60715999442508,5,HIPOLITO IRIGOYEN 476,9,119,ALEJO LEDESMA,ESC.PROV.D.F.SARMIENTO,6661,9,20
-64.21341483588465,-31.394872946290768,7,MONS DE ANDREA 1044 B° A  ALBERDI,1,0011A,CAPITAL,ESC BLAS PARERA,6267,1,20
-64.27322112899961,-31.38645311067462,9,J VESPIGNANI 215 B° DON  BOSCO,1,0011B,CAPITAL,INSTITUTO TECNICO DON BOSCO,6275,1,20
-64.23371108517765,-31.40476319844201,5,DUARTE QUIROS 3915,1,0011C,LAS PALMAS,IPEM MARCELA B. MOYANO COUDERT,6279,1,20
-64.22217824653008,-31.422611799631564,8,BLAMEY LAFORE 1248 - B°SAN  RAFAEL B,1,0011D,CAPITAL,ESC SANTISIMA TRINIDAD,6281,1,20
-64.23210266071295,-31.427941327528888,7,ALBERTO WILLIAMS ESQ.LOS  PLATANOS,1,0011E,CAPITAL,ESC A CAPDEVILA,6283,1,20
-64.22971611621992,-31.413617635361064,11,SAN LUIS 3450 - B° LOS  PLATANOS,1,0011E,CAPITAL,ESC B DE MONTEAGUDO,6284,1,20
-64.26297429767814,-31.416289157313063,8,ALTO ALEGRE B°PQUE  REPUBLICA 1050,1,0011G,CAPITAL,ESC PRIMER TTE AVILA,6292,1,20
-64.21587336544646,-31.414895534173386,6,FERREYRA R 2324 B°OBRERO,1,0011J,CAPITAL,ESC GENERAL MOSCONI,6302,1,20
-64.22465205706817,-31.398597560440322,8,LA RIOJA 3453 - B° VILLA SIBURU,1,0011K,CAPITAL,ESC EJERCITO ARGENTINO,6306,1,20
-62.608901352899935,-33.25744597559997,1,PUBLICA S/N,9,122,BARGE,ESC PROV DOMINGO F SARMIENTO,6666,9,20
-62.093539999855494,-33.12810999468461,5,CAMILO ALDAO,9,123,CAMILO ALDAO,ESC JUAN BAUTISTA ALBERDI,6667,9,20
-62.22781999987489,-32.944269994784776,5,INRIVILLE,9,128,INRIVILLE,ESC MARIANO MORENO,6678,9,20
-64.15509414241536,-31.43179765764902,7,TEJEDOR 1958 B°SARMIEN,1,0012B,CAPITAL,ESC BARTOLOME HIDALGO,6315,1,20
-64.16254013015995,-31.42988736670855,5,ORTIZ Y HERRERA 1932 B°CRISOL  N,1,0012B,CAPITAL,ESC DR LUIS A CAEIRO,6316,1,20
-64.15356253554272,-31.438960354341734,10,LUCIO V.MANSILLA ESQ. CADIZ,1,0012B,CAPITAL,ESC HILARIO ASCASUBI,6317,1,20
-64.15522203964406,-31.431912580855922,8,LUIS BRAILE 2384 B°SARMIENTO,1,0012B,CAPITAL,INST MANUEL BELGRANO,6320,1,20
-64.17517397020843,-31.45301990907797,7,BOTAFOGO 3448 B° J.ESPINOSA,1,0012F,CAPITAL,COL.JOVENES ARGENTINOS,6333,1,20
-64.15388343329967,-31.444928006113805,8,CASTAÑARES 470 - B°JARDIN  DEL PILAR,1,0012F,CAPITAL,ESC EJERCITO ARGENTINO,6334,1,20
-64.16578305934287,-31.450255003359974,10,OLAEN Y AMBOY - B° OÑA,1,0012F,CAPITAL,ESC GRAL MANUEL BELGRANO,6335,1,20
-64.16210132389548,-31.449473693203622,9,PAMPAYASTA Y RUMIPAL  B°PQUE SCARLOS,1,0012F,CAPITAL,ESC MUNIC E MOLINARI ROMERO,6337,1,20
-64.16704243298841,-31.44861922497575,4,TANINGA 3152,1,0012F,JOSE HERNANDEZ,ESCUELA ADVENTISTA HECTOR RHYS,6338,1,20
-64.08763253129442,-31.4638344219625,4,FARADAY 5168,1,0012G,ITUZAINGO,ESC DR IGNACIO DUARTE QUIROS,6340,1,20
-64.08890907244985,-31.466148196118272,13,STEPHENSON Y FULTON  B°ITUZAINGO,1,0012G,CAPITAL,ESC EJERCITO ARGENTINO,6341,1,20
-64.08742090068775,-31.4675501729749,6,FARADAY 5721 B°LOS  EUCALIPTUS,1,0012G,CAPITAL,ESC SECUNDARIA CARLOS M DE ALV,6343,1,20
-64.1687276109791,-31.454361656632575,9,B DE O'HIGGINS 3500 B°S.E.P.,1,0012H,CAPITAL,ESC RAUL A FERREYRA,6346,1,20
-64.1687276109791,-31.454361656632575,2,B DE O'HIGGINS 3500 B°S.E.P,1,0012H,CAPITAL,J DE INF RAUL A.FERREYRA,6347,1,20
-62.10836695727947,-32.703114019754416,8,SAN JUAN 1090 SUR,9,133,MARCOS JUAREZ,ESC MARIANO MORENO,6688,9,20
-62.11063128381531,-32.69337848204046,5,HIPOLITO YRIGOYEN 1409  NOROESTE,9,133,MARCOS JUAREZ,ESCUELA BARTOLOME MITRE,6690,9,20
-62.45617999991054,-32.91550999480029,8,MONTE BUEY,9,134,MONTE BUEY,ESC JOSE MANUEL ESTRADA,6692,9,20
-62.10206692052254,-32.40890318088168,3,SAIRA,9,137,SAIRA,INSTITUTO MANUEL BELGRANO,6698,9,20
-64.16735443968115,-31.363424694458903,10,J DE OLMEDO 650 B°LOS  GIGANTES,1,0013A,CAPITAL,ESC HENOCH D AGUIAR,6350,1,20
-64.17031157699336,-31.371345154866603,5,MARTINEZ PAZ 80 B°CENTRO  AMERICA,1,0013A,CAPITAL,ESC MUNIC DR P CARANDE CARRO,6351,1,20
-64.1749844659581,-31.367754855354814,12,NERUDA Y ACAMPES B° VILLA  AZALAIS,1,0013A,CAPITAL,ESC P ALBARRACIN DE SARMIENTO,6352,1,20
-64.16800831419648,-31.387955805950906,12,MAURICIO YADAROLA 653  B°GRAL BUSTOS,1,0013C,CAPITAL,ESC CAPITAL FEDERAL,6357,1,20
-64.17087840039159,-31.391466045408798,8,CURA BROCHERO B°GRAL BUSTO  753,1,0013C,CAPITAL,ESC CRISTO REY,6358,1,20
-64.14333132684742,-31.38871842084137,11,TREDENTINA B°NUEVA ITALI  2160,1,0013F,CAPITAL,ESC MODELO RACING,6362,1,20
-64.14600437360797,-31.33514697157846,6,BARTOLOME HIDALGO/ATALIVA  HERRERA,1,0013G,PQUE LICEO 2DA SECC,IPEM 21 ALFONSINA STORNI,6367,1,20
-64.13572948633747,-31.36776250027052,5,H DE AYOHUMA S/N  B°PATRICIOS,1,0013H,CAPITAL,ESC MUNIC DR D LATELLA FRIAS,6372,1,20
-64.13358154712381,-31.372273864902464,6,PUBLICA S/N B°QTAS SAN JORGE  II,1,0013I,CAPITAL,ESC MUNIC DR ALFREDO ORGAZ,6374,1,20
-64.13201317454642,-31.373538934276,7,QUINTA SAN JORGE,1,0013I,CAPITAL,ESC MUNIC JORGE LUIS BORGES,6375,1,20
-64.16088999796585,-31.378930665642912,12,JAMAICA 967 B°RESID AMERICA,1,0013J,CAPITAL,ESC CURA BROCHERO,6379,1,20
-64.16019117468787,-31.388821080087048,14,TISSERA 1551 B° L N ALEM,1,0013J,CAPITAL,ESC VICENTE F LOPEZ,6384,1,20
-65.09016968558369,-31.31837172465572,6,AV CURA BROCHERO 150,11,146,SALSACATE,ESC GENERAL JOSE DE SAN MARTIN,6717,11,20
-64.22966790286337,-31.37693542755122,10,FDO FADER 3821 B°C DE LAS  ROSAS,1,0014D,CAPITAL,ESC INGENIERO VICTOR REE,6399,1,20
-64.26102400031365,-31.321474535259878,4,HNOS GRIMM 7168 B°UOCRA,1,0014E,CAPITAL,ESC MODESTA RODRIGUEZ,6402,1,20
-64.2291127763883,-31.357387245427528,7,PIZARRO Y GRASS B°SANTA  CECILIA,1,0014I,CAPITAL,ESC MUNIC ARSENIO MURUGARREN,6411,1,20
-64.2238181026496,-31.37535023185008,13,OB MOSCOSO Y PERALTA 2772 A  PALERMO,1,0014M,CAPITAL,INST SAUL TABORDA,6421,1,20
-64.54350439999997,-30.775514799999964,2,PUBLICA S/N,12,151,CHARBONIER,ESC P ALBARRACIN DE SARMIENTO,6736,12,20
-64.4890949103425,-31.08563294857298,5,OCAMPO Y ROMAN DEHEZA S/N- LA LOMITA,12,154,LA FALDA,ESC AERONAUTICA ARGENTINA,6742,12,20
-64.51801415609641,-31.423654782368864,10,LOS CEIBOS S/N B°LA QUINTA 0,12,156,VILLA CARLOS PAZ,ESC ISLA DE LOS ESTADOS,6749,12,20
-64.50557374042597,-31.457772546875933,8,LAS MARGARITAS 255-VA  INDEPENDENCIA,12,156,VILLA CARLOS PAZ,ESC RICARDO BERNABE FERNANDEZ,6751,12,20
-64.51196228424234,-31.421011804986076,15,ASUNCION B°LA QUINTA 440,12,156,VILLA CARLOS PAZ,INST BERNARDO D'ELIA,6753,12,20
-64.51725046298503,-31.42356500217804,17,ALFONSINA STORNI Y LOS  ALERCES 0,12,156,VILLA CARLOS PAZ,INST BILINGUE DANTE ALIGHIERI,6754,12,20
-64.50218640453858,-31.41302533635226,8,AMEGHINO Y BALCARCE,12,156,VILLA CARLOS PAZ,PRIMARIO JOSE DE SAN MARTIN,6758,12,20
-64.45497815807904,-31.276519797143088,7,SARMIENTO 59 VILLA BUSTOS,12,157,SANTA MARIA,ESC JUAN BAUTISTA AZOPARDO,6761,12,20
-64.31544100650379,-33.10324333766246,3,EL SALVADOR 840 B° BALACCO,13,165,BANDA NORTE,CNMA 24-ANEXO PCIA STA CRUZ,6790,13,20
-65.002247,-33.5569146,3,BV CORDOBA S/N,13,168,CHAJAN,ESC PROV GRAL J DE SAN MARTIN,6800,13,20
-64.17040969999995,-33.010791,1,AV SAN MARTIN S/N,13,169,CHUCUL,ESC SUBTTE RODOLFO H BERDINA,6801,13,20
-64.29067807571128,-32.58091227448553,4,ELENA,13,170,ELENA,ESC RICARDO GUTIERREZ,6802,13,20
-64.4159941395631,-34.1839330412571,1,CALLE PUBLICA 0,13,173,COLONIA LA ARGENTINA,ESC JOSE DE SAN MARTIN,6807,13,20
-64.3345,-33.1397,9,MONTEVIDEO 751,13,186,PUEBLO ALBERDI,COLEGIO MARIA BENITA ARIAS,6825,13,20
-64.34600352335727,-33.12724520483723,9,BOLIVAR Y ALBERDI,13,188,RIO CUARTO,DICHIARA-EX ESC.GRAL S.MARTIN,6835,13,20
-64.35338210330231,-33.11869906443014,10,9 DE JULIO 314,13,188,RIO CUARTO,ESC FLORENTINO AMEGHINO,6840,13,20
-64.35628772530394,-33.1308387376388,10,MENDOZA 1502,13,188,RIO CUARTO,ESC VELEZ SARSFIELD,6842,13,20
-64.3429433581223,-33.12257197264599,27,BAIGORRIA 463,13,188,RIO CUARTO,ESC.NORMAL COMERCIAL,6844,13,20
-64.35300190707703,-33.12386698590609,13,MITRE 850,13,188,RIO CUARTO,ESCUELA GENERAL PAZ,6845,13,20
-64.3381,-33.1267,12,PASO 790 B° SANTA ROSA,13,188,RIO CUARTO,ESCUELA GRAL ROCA,6846,13,20
-64.3506,-33.1227,12,SAN MARTIN 250,13,188,RIO CUARTO,INST SAN BUENAVENTURA,6848,13,20
-64.52314,-32.2405168,1,VILLA QUILLINZO,2,0018D,VILLA QUILLINZO,ESC.PROV.PADRE FELIX ENRIQUE,6456,2,20
-64.17096819999998,-33.23245819999998,1,PUBLICA 0,13,190,SAN AMBROSIO,ESC.SAN JUAN BOSCO,6851,13,20
-64.31202612970512,-33.647003661655155,9,BELGRANO 121 B°CENTRO,13,191,SAN BASILIO,ESC JOSE DE SAN MARTIN,6852,13,20
-64.55461649690263,-31.981051964383283,5,VILLA GRAL.BELGRANO,2,0020A,VILLA GRAL.BELGRANO,COLEGIO ARGENTINO GERMANO,6457,2,20
-63.413130608136704,-30.782568932052605,7,GENERAL PAZ 788,14,213,OBISPO TREJO,ESCUELA R.GUTIERREZ,6882,14,20
-63.75676116919997,-31.30138588519998,5,AVDA.SARMIENTO E 74 0,14,214,PIQUILLIN,ESC.PROV.D.F.SARMIENTO,6883,14,20
-63.733731136199985,-31.47762661749998,1,QUEBRACHO,14,217,QUEBRACHO,ESC.PROV.1ER.GOBIERNO PATRIO,6886,14,20
-63.72276000005944,-29.90621999656162,7,RIVADAVIA 768 CENTRO,15,229,VILLA DE MARIA,ESC JOSE DE SAN MARTIN,6904,15,20
-63.11656188149997,-31.875831052700033,5,MARIANO MORENO 815,16,232,CARRILOBO,ESC PROV PTE JULIO ROCA,6915,16,20
-63.508737893044014,-31.714060653977334,3,CORRIENTES 237,16,238,MATORRALES,ESC.PROV.D.F.SARMIENTO,6924,16,20
-63.888790548669945,-31.683342394350095,10,PILAR,16,240,PILAR,ESC MARIA J GONZALEZ CASEROS,6930,16,20
-63.914390067340506,-31.652244111172855,10,RIO SEGUNDO,16,243,RIO SEGUNDO,ESC CONGRESO DE TUCUMAN,6937,16,20
-63.538930000041354,-31.56035999556767,10,VILLA DEL ROSARIO,16,245,VILLA DEL ROSARIO,ESCUELA RECONQUISTA,6945,16,20
-63.39624498886944,-34.12778633577391,6,AV PELLEGRINI(B°LA  CHACARITA) 247,17,248,LABOULAYE,ESC LEONOR DE TEJEDA,6955,17,20
-63.924713600011486,-34.01344081599446,8,CARLOS PELLEGRINI(B°SUR) 331,17,252,LEVALLE,ESC DR VIRGILIO BARBALATO,6960,17,20
-65.16710187110002,-31.7905627467,1,PUBLICA 0,18,259,ALTAUTINA,ESC.PROV.M.DE AZCUENAGA,6968,18,20
-65.00184648564705,-31.795548952248204,3,SARMIENTO 223,18,263,NONO,ESC.PROV.D.F.SARMIENTO,6975,18,20
-65.05394,-31.631954399999966,1,PUBLICA 0,18,264,PANAHOLMA,ESC.P.PIZZURNO,6977,18,20
-65.19262451374097,-31.951191890883003,9,PRESIDENTE PERON (B°JARDIN)  565,19,268,DOLORES,ESC MARIANO MORENO,6999,19,20
-65.19049242899993,-31.947974116636125,8,SARMIENTO (B°CENTRO) 270,19,268,DOLORES,INST PBRO J V BRIZUELA,7001,19,20
-64.5045745,-32.1398107,1,SAN IGNACIO,2,0026B,SAN IGNACIO,ESC.PROV.DEAN FUNES,6465,2,20
-64.98797039809999,-31.903548086700038,3,GRAL SAN MARTIN S/N,19,272,LOS HORNILLOS,ESC JOSE DE SAN MARTIN,7006,19,20
-62.46575999990506,-31.938039995349293,4,ALICIA,20,277,ALICIA,ESC JOSE MANUEL ESTRADA,7016,20,20
-63.05844594717879,-31.421855652061726,14,ARROYITO,20,279,ARROYITO,INST DR D VELEZ SARSFIELD,7022,20,20
-62.6731099999342,-31.01136999589021,6,25 DE MAYO (B°IPV NORTE) 271,20,280,BALNEARIA,ESC VICENTE LOPEZ Y PLANES,7024,20,20
-62.11296943229996,-30.52662334890004,1,PUBLICA S/N,20,286,DIEZ DE JULIO,ESC PROV DOMINGO F SARMIENTO,7033,20,20
-62.2986917,-31.9685169,4,MATEO OLIVERO 576,20,289,EL FORTIN,ESC PROV DOMINGO F SARMIENTO,7036,20,20
-64.3375820001161,-31.34759399485178,7,AVELLANEDA 684,3,0028A,CALERA,MARGARITA W DE PAZ,6515,3,20
-62.09862999982838,-31.16560999579809,10,FREYRE,20,291,FREYRE,ESC FLORENTINO AMEGHINO,7040,20,20
-63.062152988000015,-31.25010790829998,5,8 DE SEPTIEMBRE 107,20,295,LA TORDILLA,ESC MARGARITA LA TORRE MERCADO,7045,20,20
-62.71849498486405,-31.865205118170778,6,BUENOS AIRES 460,20,298,LAS VARILLAS,ESCUELA GRAL PAZ,7051,20,20
-62.06192999981853,-31.014019995887658,7,PORTEÑA,20,305,PORTEÑA,ESC PROV 9 DE JULIO,7061,20,20
-62.22435391709998,-31.551736983,2,SARMIENTO 0,20,307,QUEBRACHO HERRADO,ESC.PROV.AYACUCHO,7064,20,20
-63.04218700000366,-31.663324994663157,4,BELGRANO 960,20,308,SACANTA,INST MANUEL BELGRANO,7066,20,20
-62.0778,-31.4364,9,SANTA FE 538,20,310,SAN FCO.SECC.SUR,ESC GENERAL MITRE,7069,20,20
-61.917370498599965,-30.781221073999987,1,COLONIA SAN PEDRO,20,311,COLONIA SAN PEDRO,ESC PROV 9 DE JULIO,7075,20,20
-64.42962245734508,-31.66143292581356,12,3 DE FEBRERO(B° SUR) 362,21,316,ALTA GRACIA,ESC COMANDANTE ESPORA,7093,21,20
-64.4322199681656,-31.657772943396083,8,ESPAÑA (B°SUR) 26,21,316,ALTA GRACIA,ESCUELA MANUEL SOLARES,7100,21,20
-64.30225199565216,-31.065138271468516,6,AGUA DE ORO,3,0031A,AGUA DE ORO,ESC.PROV.V.MERCANTE,6517,3,20
-64.07860019890002,-31.75328436679997,1,PUBLICA S/N,21,322,COSME NORTE,ESC PROV OLEGARIO V ANDRADE,7110,21,20
-64.454392,-31.585442600000018,3,PUBLICA S/N,21,324,FALDA DEL CARMEN,ESC PROV DOMINGO F SARMIENTO,7113,21,20
-64.24082502019996,-31.910917353799995,2,ITALIA 0,21,327,MONTE RALO,ESC.DELL'ARMELLINA,7117,21,20
-64.19090000010226,-32.02552999529959,5,PABLO A PIZZURNO 149,23,338,CORRALITO,ESC PROV GRAL J DE SAN MARTIN,7147,23,20
-63.70534000005763,-32.700439994919236,6,LAS PERDICES,23,342,LAS PERDICES,ESC PROV DOMINGO F SARMIENTO,7156,23,20
-63.2003468175,-32.04599488369999,2,SAN MARTIN 346,23,343,LOS ZORROS,ESC VICENTE LOPEZ Y PLANES,7157,23,20
-63.570828068817335,-32.036683792437515,7,ALVEAR 320,23,344,OLIVA,ESC PROV BARTOLOME MITRE,7159,23,20
-63.80949804923109,-32.57595882891919,1,PUBLICA 0,23,347,PUNTA DEL AGUA,ESC.PROV.S.A.GUTIERREZ,7163,23,20
-64.13880704159997,-30.565239279599943,1,MACHA,24,353,MACHA,ESC CEFERINO NAMUNCURA,7182,24,20
-64.23328933530003,-30.870357375999976,1,PUBLICA S/N,24,354,SANTA CATALINA,ESC PROV GREGORIA MATORRAS,7183,24,20
-63.6523988177075,-30.574185891909014,2,8 DE DICIEMBRE S/N,24,358,CAPILLA DE SITON,ESC.PROV.24 DE SEPTIEMBRE,7187,24,20
-64.06816000009171,-30.702459996075625,9,BV.ALLENDE S/N,24,359,VILLA DEL TOTORAL,ESC PROV BARTOLOME MITRE,7189,24,20
-63.94937828211795,-30.3578345814114,6,LA DORMIDA,25,364,LA DORMIDA,ESC.PROV.F.N.LAPRIDA,7197,25,20
-63.47462041330291,-30.43146232354695,2,JAVIER GARCIA 0,25,367,R DEL SALADILLO,ESC.PROV.D.F.SARMIENTO,7201,25,20
-64.62205743789994,-30.0110447197,2,ONCATIVO 0,25,368,S.JOSE DE LAS SALINA,ESC.PROV.V.MERCANTE,7202,25,20
-62.886309786194495,-32.3457090892802,3,JULIO A ROCA 115,26,372,ALTO ALEGRE,ESC.PROV.DR.GARCIA GONZALEZ,7209,26,20
-62.691878043183166,-32.63400937756451,11,ENTRE RIOS 457,26,375,BELL VILLE,ESC F AMEGHINO,7213,26,20
-62.7320819,-33.4634427,1,PUBLICA S/N,26,377,BREMEN,ESC PROV ALMAFUERTE,7219,26,20
-62.509105699999935,-32.33244320000003,2,SANTA FE S/N,26,382,CHILIBROSTE,ESC PROV B QUINQUELA MARTIN,7224,26,20
-63.03324906879997,-32.81244599600002,5,9 DE JULIO 551,26,387,IDIAZABAL,ESC P ALBARRACIN DE SARMIENTO,7228,26,20
-62.85832470154751,-33.14988574560043,8,LABORDE,26,389,LABORDE,ESCUELA PROV DARDO ROCHA,7229,26,20
-62.588788600000015,-32.6112975,2,CARDO 146,26,390,MONTE LEÑA,ESC.PROV.D.F.SARMIENTO,7231,26,20
-62.59970028292476,-33.204554075580646,6,SAN MARTIN 1518,26,391,MONTE MAIZ,ESCUELA JOSE DE SAN MARTIN,7232,26,20
-62.48244999991243,-32.63026999495823,4,SAN MARCOS SUD,26,400,SAN MARCOS SUD,ESC PROV M BUCHARDO,7245,26,20
-64.84712709999997,-30.706406500000018,2,RUTA 75 0,4,0044A,LAS PLAYAS,ESC.PROV.PCIA.DE LA RIOJA,6552,4,20
-64.1604566,-30.6796325,1,PUBLICA 0,7,0091C,VILLA GUTIERREZ,"ESC,PROV.M.MARTINEZ DE SUAREZ",6633,7,20
-62.343168599999956,-32.9349552,1,AV 24 DE SEPTIEMBRE 0,9,0128A,SALADILLO,ESC.PROV.PAULA ALBARRACIN,6699,9,20
-65.31560389999996,-30.9501518,1,PUBLICA 0,10,0138D,TOSNO,ESC.PROV.MONS.R. LEAL,6709,10,20
-64.46241900012707,-31.347855595690277,3,CEFERINO NAMUNCURA 62,12,0147A,SAN ROQUE,ESC HOGAR ALBERTO MAGGI,6767,12,20
-64.72605675565221,-33.18515433440116,1,PUBLICA S/N,13,0160A,LACAROLINA-EL POTOSI,ESC PROV DOMINGO F SARMIENTO,6856,13,20
-64.42937879999992,-33.49042079999998,1,REMEDIOS ESCALADA DE SAN  MARTIN 0,13,0191A,MALENA,ESC.PROV.R.E.DE SAN MARTIN,6860,13,20
-63.605501266500006,-31.016773233499976,1,PUBLICA S/N,14,0212B,EL CRISPIN,ESC PROV DOMINGO F SARMIENTO,6896,14,20
-63.42720137099996,-30.27022478840003,2,PUESTO DE CASTRO,15,0226A,PUESTO DE CASTRO,ESC.PROV.D.F.SARMIENTO,6907,15,20
-63.49662,-31.88299,1,PUBLICA 0,16,0236A,COLONIA VIDELA,ESC.PROV.D.F.SARMIENTO,6947,16,20
-63.6503637905,-31.79920470159996,1,PUBLICA S/N-IMPIRA,16,0237B,PUEBLO LUDUEÑA,ESC PROV JERONIMO L DE CABRERA,6949,16,20
-65.10273339999993,-31.6975211,1,LOS ESPINILLOS,18,0264A,LOS ESPINILLOS,ESC TOMAS DE IRIARTE,6988,18,20
-65.37605658969997,-31.667361507800013,1,PUBLICA S/N,18,0265B,LA CORTADERA,ESC PROV MARIO REMORINO,6990,18,20
-65.17649939999998,-31.910674900000018,2,PUBLICA 0,18,0265C,SAUCE ARRIBA,ESC.PROV.FRAY L.BELTRAN,6991,18,20
-62.92605023765664,-31.246180756339026,1,COLONIA PICHANAS,20,0283A,COLONIA PICHANAS,ESC CONGRESO DE TUCUMAN,7081,20,20
-62.0837,-31424,9,JUAN JOSE PASO (B°VELEZ  SARSFIELD) 1650,20,0310A,SAN FCO.SECC.NORTE,COL SAN FCO DE ASIS,7086,20,20
-64.40257536490859,-31.725813867478312,4,ANIZACATE,21,0316A,ANIZACATE,ESC VICENTE LOPEZ Y PLANES,7123,21,20
-64.483629926,-31.703320624299987,1,PUBLICA S/N,21,0316B,LA ISLA,ESC PROV DOMINGO F SARMIENTO,7125,21,20
-64.43744199680378,-31.722784279488412,2,VILLA LOS AROMOS,21,0316I,VILLA LOS AROMOS,ESC PROV DOMINGO F SARMIENTO,7132,21,20
-62.800031,-32.0755992,1,CORRAL DEL BAJO 0,26,0397A,CORRAL DEL BAJO,ESCUELA VALENTIN ALSINA,7251,26,20
-64.18654762070709,-31.41924332268387,17,OBISPO TREJO 294,1,1,CAPITAL,COL NAC DE MONSERRAT,6090,1,21
-64.18605993516664,-31.41749050655053,10,OBISPO TREJO Y SANABRIA 160,1,1,CAPITAL,ESC SANTA TERESA DE JESUS,6092,1,21
-64.1915263841937,-31.40994151153461,15,SANTA ROSA 650,1,3,CAPITAL,ESC JERONIMO LUIS DE CABRERA,6094,1,21
-64.19592911444836,-31.410174141520788,10,AV COLON 951,1,3,CAPITAL,ESC NORMAL ALEJANDRO CARBO,6096,1,21
-64.1870740199476,-31.43491156600912,16,AV VALPARAISO CDAD  UNIVERSITARIA,1,4,CAPITAL,FAC DE CIENCIAS ECONOMICAS,6102,1,21
-64.1795569361378,-31.434036221310095,7,PAUNERO Y ARENAL,1,4,,IPEM 38 FRANC. PABLO DE MAURO,6103,1,21
-64.13253261580496,-31.42376675462337,6,ESTADOS UNIDOS Y RIO 1°  B°ALTAMIRA,1,5,CAPITAL,ESC ESTANISLAO DEL CAMPO,6105,1,21
-64.14139504484925,-31.42504666352551,11,ENTRE RIOS 3373 B°PQUE SAN  VICENTE,1,5,CAPITAL,ESC M FRAGUEIRO,6106,1,21
-64.15753616999253,-31.410499244959233,7,AVDA PATRIA 282 B°ALTO GRAL  PA,1,6,CAPITAL,COL SAN RAMON NONATO,6108,1,21
-64.20815409770461,-31.329341493790572,1,CNO PAJAS BLANCAS KM 8,1,7,CAPITAL,ESC J FUNES DE BONET,6110,1,21
-64.21732530270218,-31.391325904935027,8,DOMINGO ZIPOLI 1358  B°ESCOBA,1,9,CAPITAL,ESC PROVINCIA DE CORRIENTES,6112,1,21
-64.2291891622113,-31.390403820385394,10,NAZARET 3399 - B° LAS ROSAS,1,9,CAPITAL,INST ESCUTI,6113,1,21
-64.20590288418221,-31.443674253885483,9,SUECIA 2832 B° PQUE VELEZ  SARSFIELD,1,10,CAPITAL,ESC MANUEL BELGRANO,6115,1,21
-64.19591203851452,-31.43806775270899,18,FERREYRA Y FRIULI B°COL DE V  SARSF,1,10,CAPITAL,INST EDUCACION CORDOBA,6117,1,21
-64.10940010876914,-31.454222907484255,8,J.LLERENA 5561 - B° SAN  LORENZO,1,12,CAPITAL,ESC CONSTANCIO C VIGIL,6119,1,21
-64.15032482481784,-31.391752169611784,10,M DE JAUREGUI 1657 B°L N  ALEM,1,13,CAPITAL,ESC ARISTOBULO DEL VALLE,6122,1,21
-64.33136159999995,-32.0944427,1,PUBLICA 0,2,21,MONSALVO,ESC. DR. JUAN M. ALBARENQUE,6440,2,21
-64.5906076622,-32.5293922822,4,SARMIENTO 0,2,22,RIO DE LOS SAUCES,ESC. PROV. D.F. SARMIENTO,6441,2,21
-64.75612589450002,-32.0952685676,3,CORDOBA 0,2,23,RIO DEL DURAZNO,ESC.PROV. FRENCH Y BERUTTI,6442,2,21
-64.480212,-32.186157499999986,7,AMADEO SABATTINI 143,2,24,RUMIPAL,ESC PROV PRIMERA JUNTA,6443,2,21
-64.37451966126167,-31.972506243580565,4,SAN AGUSTIN,2,25,SAN AGUSTIN,COLEGIO SAN JOSE,6444,2,21
-64.48321562413902,-32.30215400138417,12,SANTA ROSA,2,26,SANTA ROSA,COLEGIO NAC. DR.D.V. SARSFIELD,6446,2,21
-64.34095355672561,-31.340545503388675,8,ALVEAR ESQ SARMIENTO,3,28,LA CAMPANA,ESC ELADIO DIEZ,6468,3,21
-64.33474766856175,-31.343082823321517,9,CALERA,3,28,CALERA,INSTITUTO JESUS MARIA,6471,3,21
-64.06294497965098,-31.02093559788337,11,COLONIA CAROYA 0,3,29,COLONIA CAROYA,ESC. PRESBITERO BONORIS,6472,3,21
-64.09041662206603,-31.008653143942148,10,COLONIA CAROYA,3,29,COLONIA CAROYA,ESC.PROV. M. BELGRANO,6474,3,21
-64.04333969674035,-31.04643050522676,8,JUSTINIANO CELIZ HEREDIA 650,3,29,COLONIA CAROYA-B° PU,ESCUELA M. MORENO,6475,3,21
-64.14065219999996,-31.135245799999975,6,BUENOS AIRES Y CORDOBA,3,32,GENERAL PAZ,ESC PROV GRAL JOSE MARIA PAZ,6480,3,21
-64.1670194356847,-31.27995751819738,8,VILLA LOS LLANOS 0,3,34,JUAREZ CELMAN,ESC PROV LEOPOLDO LUGONES,6487,3,21
-64.16679000010123,-31.26154299490366,8,JUAREZ CELMAN,3,34,JUAREZ CELMAN,ESC.COM.R. SILIONI,6489,3,21
-64.04620600009069,-31.374193994835892,8,MALVINAS ARGENTINAS,3,35,MALVINAS ARGENTINAS,ESC.MUNIC.CIUDAD DE M.ARGENTIN,6491,3,21
-64.31756197133697,-31.166715478018208,9,SALTA 191,3,37,RIO CEBALLOS,I.P.E.M.144-MARIANO MORENO,6496,3,21
-64.29817200011271,-31.136236994979374,11,DESIDERIO TORRES 360,3,38,SALSIPUEDES,ESC.PROV. J.MALDONADO,6499,3,21
-64.31005810069665,-31.237253896870506,9,SARMIENTO Y VELEZ SARSFIELD  0,3,40,UNQUILLO,ESC.PROV. D.V.SARSFIELD,6503,3,21
-64.29846764482413,-31.290560066238925,12,VILLA ALLENDE,3,41,VILLA ALLENDE,COLEGIO SAN JOSE,6508,3,21
-64.3056018139397,-31.302162465815798,10,AV.SAN MARTIN 1070,3,41,VILLA ALLENDE,INSTITUTO NTA.SRA. DE LUJAN,6511,3,21
-64.29854445509086,-31.297142536333908,8,LAPRIDA/GONZALEZ,3,41,VILLA ALLENDE,INSTITUTO PAULA A.DE SARMIENTO,6512,3,21
-64.80669199794835,-30.72613330891401,13,PELLEGRINI 180,4,44,CRUZ DEL EJE,ESC.E. BAVIO,6528,4,21
-64.80925632938687,-30.723894447074994,13,PELLEGRINI 445,4,44,CRUZ DEL EJE,IPEM 273 M. BELGRANO,6531,4,21
-64.87718982779995,-30.67213697700003,3,PUBLICA S/N,4,45,EL BRETE,ESC PROV MANUEL BELGRANO,6533,4,21
-65.05949830269998,-30.482881140200018,3,PUBLICA S/N,4,46,GUANACO MUERTO,ESC PROV GRAL SAN MARTIN,6534,4,21
-65.1028058,-31.0157259,2,RUTA PROVINCIAL N°15 S/N,4,48,LA HIGUERA,ESC PROV GRAL SAN MARTIN,6536,4,21
-64.19701147115042,-31.445612315473518,8,J I DIAZ 200 B° EJERCITO  ARGENTINO,1,0004A,CAPITAL,ESC COM R ECHEGOYEN,6127,1,21
-64.19758160866344,-31.453783301775474,28,GUARDADO 184 B°LAS FLORES,1,0004A,CAPITAL,ESC SAN FRANCISCO DE ASIS,6129,1,21
-64.19363826094596,-31.476700210242754,7,PIZARRO ESQ. NIVOLI,1,0004C,CAPITAL,ESC SAN JOSE DE CALASANZ,6134,1,21
-64.16871427646277,-31.490188806926312,5,CNO A SAN CARLOS KM.5 1/2,1,0004D,CAPITAL,COL VILLA EUCARISTICA,6135,1,21
-64.186065743196,-31.496201053320785,6,MANZANA 49 B° C.OBISPO  ANGELELLI,1,0004F,,NSC.OSCAR RAUL MALVASIO,6137,1,21
-65.1906047,-30.76681179999998,3,PUBLICA 0,4,51,PASO VIEJO,ESCUELA ANTARTIDA ARGENTINA,6539,4,21
-65.385460000213,-30.637199996109867,8,AVDA. MALVINAS ARGENTINAS  0,4,55,SERREZUELA,ESC.PROV.B.RIVADAVIA,6543,4,21
-64.98681697056809,-30.85622280956618,8,JOSE IGNACIO PERALTA 249,4,56,SOTO,ESC.PADRE B.DE LAS CASAS,6546,4,21
-65.23782816669994,-30.746871224499994,2,PUBLICA 0,4,57,TUCLAME,ESC.PROV.J.J.CASTELLI,6548,4,21
-64.11350580082623,-31.427667411199877,9,AGUSTIN GARZON 5600,1,0005A,B° 1 DE MAYO,ELENA LOPEZ LALLANA,6138,1,21
-64.1211572085314,-31.444325707952313,6,JOSE A CABRERA 4717 B°DEAN  FUNES,1,0005B,CAPITAL,ESC 9 DE JULIO,6140,1,21
-64.12664649592612,-31.439557519764797,8,ANCASTI 4555 B°EMPALME,1,0005C,CAPITAL,ESC JUAN M DE PUEYRREDON,6141,1,21
-64.14008081627796,-31.428503251042027,13,JUNIN 3480 B°EMPALME,1,0005C,CAPITAL,ESC PROVINCIA DE LA RIOJA,6142,1,21
-64.11129404616058,-31.44085289457681,5,CALINGASTA 5800 (ESQ  TULUMBA),1,0005E,VILLA BUSTOS,IPEM 136 DR ALFREDO PALACIOS,6151,1,21
-64.15011575796356,-31.421651202262833,7,SARGENTO CABRAL 1153 B°SAN  VICENTE,1,0005G,CAPITAL,ESC A F AVALOS,6153,1,21
-64.15463567763274,-31.420592290369196,13,LOPEZ Y PLANES 2253 B°SAN  VICENTE,1,0005G,CAPITAL,ESC DGO F SARMIENTO,6154,1,21
-64.16422977060218,-31.423972280248165,11,AGUSTIN GARZON 1563 B°SAN  VICENTE,1,0005G,CAPITAL,ESC PTE RIVADAVIA,6156,1,21
-64.14531067035905,-31.422191713973163,9,LOPEZ Y PLANES 2936 B°SAN  VICENTE,1,0005G,CAPITAL,ESC SANTA MARGARITA DE CORTONA,6157,1,21
-64.16457464625752,-31.413919880064643,19,VIAMONTE 150 B°GRAL PAZ,1,0006C,CAPITAL,ESC NORMAL GARZON AGULLA,6163,1,21
-64.1655928741446,-31.41078512896411,14,VIAMONTE 446 B°GRAL.PAZ,1,0006C,CAPITAL,ESC RAMON J CARCANO,6164,1,21
-64.16524688452078,-31.418444732331828,10,LEONOR DE TEJEDA B°JUNIORS  1353,1,0006D,CAPITAL,ESC GABRIELA MISTRAL,6166,1,21
-63.1638,-32.20011280000004,4,CORDOBA ESQ ANTARTIDA  ARGENTINA,6,73,ARROYO ALGODON,ESC.PROV. A.ARGENTINA,6578,6,21
-63.24318089999994,-32.661211899999984,3,25 DE MAYO 55,6,75,AUSONIA,ESC.PROV.GRAL SAN MARTIN,6581,6,21
-63.2412265290914,-32.802119334933266,4,GENERAL PAZ 556,6,78,LA LAGUNA,ESC ESTEBAN ECHEVERRIA,6585,6,21
-64.18171848768465,-31.39106509121239,18,MANUEL LUCERO 560 B°ALTA  CORDOBA,1,0007B,CAPITAL,ESC MANUEL LUCERO,6172,1,21
-64.18581558652448,-31.386574561603886,11,TRAFALGAR 875 B°ALTA  CORDOBA,1,0007B,CAPITAL,ESC PCIA DE ENTRE RIOS,6173,1,21
-64.18173059580508,-31.394679958709357,13,A DEL VISO 445 B°ALTA  CORDOBA,1,0007B,CAPITAL,INST CORAZON DE MARIA,6174,1,21
-64.18250631018488,-31.38933359165931,11,LAVALLEJA 2257 B°ALTA  CORDOBA,1,0007B,CAPITAL,INST MANUEL LUCERO,6175,1,21
-64.18384326265222,-31.38767616123638,12,M FRAGUEIRO B°ALTA CORDOBA  2400,1,0007B,CAPITAL,INST NUESTRA MADRE DE LA MERCE,6176,1,21
-64.19003539626429,-31.39626222800122,7,RODRIGUEZ PEÑA 1548  B°COFICO,1,0007D,CAPITAL,ESC PCIA DE FORMOSA,6178,1,21
-64.1827791519251,-31.4028711998413,10,R SAENZ PEÑA 1212 B°COFICO,1,0007D,CAPITAL,ESC PTE SARMIENTO,6179,1,21
-64.19480522545643,-31.3638023682851,14,T DE IROBI B°M DE  SOBREMONTE,1,0007E,CAPITAL,ESC HONORATO LACONI,6181,1,21
-64.20419851069902,-31.36751651332893,14,P DE GUZMAN 131 B°M DE  SOBREMONTE,1,0007E,CAPITAL,ESC PETER PAN,6182,1,21
-64.19501394921168,-31.3634276218496,3,NUFLO DE AGUILAR 541,1,0007E,CAPITAL,J DE INF B.RIVADAVIA,6184,1,21
-64.18693686549541,-31.366455983854266,12,AVELLANEDA 4100  B°MFRAGUEIRO,1,0007G,CAPITAL,ESC ARTURO CAPDEVILA,6189,1,21
-63.2495,-32.4049,26,SARSFIELD 1072,6,89,VILLA MARIA,INST.LA SANTISIMA TRINIDAD,6604,6,21
-64.1183667154273,-31.387972755871868,11,BARRIENTOS Y HERRERA B°AMPL  PALMAR,1,0008A,CAPITAL,ESC EMILIO E SANCHEZ,6194,1,21
-64.16588208510126,-31.3984379671678,10,ANA M JANER 1551  B°PUEYRREDON,1,0008B,CAPITAL,ESC DEAN FUNES,6195,1,21
-64.17513853205182,-31.402913891552622,7,ESQUIU 1340 B°PUEYRREDON,1,0008B,CAPITAL,ESC FRAY J A DE SAN ALBERTO,6196,1,21
-64.16397867989649,-31.399588357995118,12,PADRE LUIS MONTI 1850  B°PUEYRREDON,1,0008B,CAPITAL,ESC ROBLES,6197,1,21
-64.16458511500123,-31.401150605871308,8,ANA M JANER 1250  B°PUEYRREDON,1,0008B,CAPITAL,INST OBISPO CAIXAL,6198,1,21
-64.16360540865777,-31.402340396606405,10,BUCHARDO 1729 B°  PUEYRREDON,1,0008B,CAPITAL,INST SAGRADA FAMILIA,6199,1,21
-64.1674254899678,-31.403140902836626,10,ROMA 1153 B°PUEYRREDON,1,0008B,CAPITAL,INST SAGRADO CORAZON,6200,1,21
-64.13764259081479,-31.392374492260195,13,SAN MARTIN S/N° B° YOFRE SUD,1,0008C,CAPITAL,ESC ALMIRANTE BROWN,6201,1,21
-64.13738895328287,-31.395040812589894,12,E SAN MARTIN 1251 B°YOFRE  SUD,1,0008C,CAPITAL,ESC TRINIDAD MORENO,6202,1,21
-63.250582233245524,-32.43688806803237,4,D.FUNES 1250,6,90,VILLA NUEVA,ESC.REP.DE BOLIVIA,6610,6,21
-64.55737205639993,-30.615762728099988,1,COPACABANA,7,93,COPACABANA,ESC.PROV.R. DE NICARAGUA,6617,7,21
-64.3484045381451,-30.412754057512505,3,SANTA ROSA ESQ. AMADEO  SABATTINI 0,7,95,DEAN FUNES,ESC.AMANDA SUAREZ CORDOBA,6620,7,21
-64.34954777941618,-30.42784394664007,10,DORREGO OBRAS SANITARIA  326,7,95,DEAN FUNES,ESC.PROV. M.MORENO,6623,7,21
-64.34912350719446,-30.42000853920329,9,DEAN FUNES,7,95,DEAN FUNES,ESC.PROV.GRAL SAN MARTIN,6624,7,21
-64.20784329076528,-31.3743149937587,7,TALAVERA DE MADRID 3261  B°LA FRANCE,1,0009A,CAPITAL,ESC MAHATMA GANDHI,6204,1,21
-64.22227008347136,-31.38286605600441,8,J.LOPEZ 2050 B°ALTOS DE V  CABRER,1,0009B,CAPITAL,ESC RICARDO ROJAS,6207,1,21
-64.19573433223859,-31.384768877297994,10,FCO VALLE 2443 B°LOS  PARAISOS,1,0009C,CAPITAL,COLEGIO FERMIN LAFITTE,6208,1,21
-64.20028692852867,-31.37753461349482,10,PLATON 3030 B°LOS PARAISO,1,0009C,CAPITAL,ESC DE COMERCIO J J PASO,6209,1,21
-64.20352625218429,-31.37454499411237,14,FIRPO 2254 B° ZUMAR,1,0009C,CAPITAL,ESC PCIA DE MISIONES,6211,1,21
-64.20799328536022,-31.36251969946518,8,RAUL CASARIEGO 4479 B°P  LUGONES,1,0009D,CAPITAL,COL EL SALVADOR,6212,1,21
-64.21078537189865,-31.362607832492532,10,LESPADA Y GALVEZ B°POETA  LUGONES,1,0009D,CAPITAL,ESC LEOPOLDO LUGONES,6213,1,21
-64.21690006019959,-31.35915003040722,9,CAMAÑO BAZAN E/CARLES Y  A.GRIMAU 0,1,0009D,,IPEM 198 MARTIN FERREYRA,6214,1,21
-64.19867446518077,-31.397918524633166,14,CASTRO BARROS 802 B°SAN  MARTIN,1,0009E,CAPITAL,ESC PTE HIPOLITO YRIGOYEN,6215,1,21
-64.19635796519957,-31.38526095346219,13,SAAVEDRA 619 B°SAN MARTIN,1,0009F,CAPITAL,ESC ANTONIO DEL VISO,6217,1,21
-64.19373249026022,-31.391181487695174,7,CERRITO Y GALAN B°SAN  MARTIN,1,0009F,CAPITAL,ESC J DE SAN MARTIN,6218,1,21
-64.20872478159227,-31.38860732861772,8,JULIAN PAZ 1851 VILLA CABRERA,1,0009G,CAPITAL,ESC PRESIDENTE KENNEDY,6220,1,21
-63.65632130005618,-33.29645319459257,8,ALEJANDRO,8,102,ALEJANDRO,ESC.MISIONEROS SALESIANOS,6636,8,21
-63.87395000007332,-32.81290999485688,7,MAIPU BARRIO ARGENTIN 962,8,106,CABRERA,ESC.FRAY PIO BENTIVOGLIO,6640,8,21
-63.87395000007332,-32.81290999485688,9,CABRERA,8,106,CABRERA,ESC.PROV.J.M.PAZ,6641,8,21
-63.87395000007332,-32.81290999485688,10,CABRERA,8,106,CABRERA,INST. G.L.DE CABRERA,6642,8,21
-64.0484289,-33.02470049999997,3,SARMIENTO 182,8,108,CHARRAS,ESC TTE CNEL J DUATE ARDOY,6644,8,21
-63.78612000006516,-32.75642999488808,12,BV SAN MARTIN 251,8,109,DEHEZA,ESC.PROV.GRAL SAN MARTIN,6645,8,21
-64.23531993103765,-31.48142991268006,5,USUAHIA 2150,1,0010A,B° CABILDO,IPEM 311,6223,1,21
-64.200721539634,-31.45124142284293,17,AV VELEZ SARSFIELD 3200 LAS  FLORE,1,0010B,CAPITAL,ESC PCIA DE CATAMARCA,6225,1,21
-64.20426503258803,-31.48096987926229,16,ICHO CRUZ S/N° B° COMERCIAL,1,0010C,CAPITAL,ESC ALEJANDRO CARBO,6228,1,21
-64.25122867566485,-31.4358691985505,11,LEOPOLDO CASAVEGA 2320,1,0010E,VILLA ADELA,ESC CADETES FUERZA AEREA,6233,1,21
-64.20492256629032,-31.417641204879583,9,LA PAMPA 550 B°P DE LOS AND,1,0010G,CAPITAL,EE UU DE NORTEAMERICA,6243,1,21
-64.194993448815,-31.42477207735642,8,BOLIVAR 896 B° GÜEM,1,0010G,CAPITAL,ESC ADOLFO SALDIAS,6244,1,21
-64.21988127303084,-31.430733622785883,9,AV FUERZA AEREA B°PARQUE  CAPITA,1,0010H,CAPITAL,ESC GDOR EMILIO OLMOS,6245,1,21
-64.22252811464976,-31.45246553574306,11,CALLE PUBLICA S/N,1,0010I,SMATA I,PRIMARIA ELPIDIO TORRES,6249,1,21
-64.21365690224147,-31.45624656029001,5,HUILICHES 1021,1,0010I,SMATA I,SAN JOSE ARTESANO,6250,1,21
-64.22252811464976,-31.45246553574306,11,CALLE PUBLICA S/N,1,0010I,SMATA I,SECUNDARIA ELPIDIO TORRES,6251,1,21
-64.23437929290867,-31.479527736968773,8,COLORADO ESQ LUAYABA,1,0010J,EX BºCABILDO,ESC.OSVALDO JORGE LEON,6254,1,21
-64.23528769806592,-31.475772062035034,11,J.B.COTTOLENGO 1955,1,0010J,CAPITAL,ESCUELA DON ORIONE,6255,1,21
-64.24751821307841,-31.479616507628563,12,BARBADOS Y HAITI B° VICOR,1,0010K,CAPITAL,ESC BENITO SORIA,6256,1,21
-64.2157254488551,-31.478297661745522,6,ARANI Y PJE. 17 V EL  LIBERTADOR,1,0010L,CAPITAL,COL SAN JOSE OBRERO,6257,1,21
-64.21769576279587,-31.46861025782138,5,IBARRA ESQ FORESITERI,1,0010L,VILLA EL LIBERTADOR,ESC PATRICIAS MENDOCINAS,6260,1,21
-64.21100151516889,-31.479819825097017,8,CALLE 49 S/N° VILLA EL  LIBERTADOR,1,0010L,CAPITAL,ESC PROV DE SGO DEL ESTERO,6261,1,21
-64.22472195127747,-31.480358887139353,9,ANIZACATE/CALLE 49 V. EL  LIBERTADOR,1,0010L,CAPITAL,ESC VICENTE FORESTIERI,6263,1,21
-63.47159744908135,-33.398534012704594,2,SRITA BERNARDINA BAIGORRI  229,8,113,LOS CISNES,ESC DOMINGO F SARMIENTO,6653,8,21
-63.8605318,-33.19901590000002,4,MANUEL DE LA LASTR 623,8,116,REDUCCION,ESC.CAP. F.D.ZARCO,6655,8,21
-64.21811238758178,-31.40322451069207,15,AV COLON 2772 B° ALTO  ALBERDI,1,0011A,CAPITAL,ESC JOSE MARIA PAZ,6268,1,21
-64.23371108517765,-31.40476319844201,5,DUARTE QUIROS 3950 ALTO  ALBERDI,1,0011A,CAPITAL,ESC MOYANO COUDERT,6269,1,21
-64.22243891150664,-31.406987348695907,12,VELEZ 252 B° ALTO ALBERDI,1,0011A,CAPITAL,ESC PQUIAL SAN JOSE,6270,1,21
-64.22271378702935,-31.406410934964683,11,CASEROS 3055 B° ALTO ALBERDI,1,0011A,CAPITAL,ESC SAN JOSE,6271,1,21
-64.20898786281113,-31.405003897738922,9,SANTA ROSA 2037 B° ALTO  ALBERDI,1,0011A,CAPITAL,ESC SAN LUIS GONZAGA,6272,1,21
-64.24137264868915,-31.395925120279994,17,AV COLON 4751 B°LAS PALMAS,1,0011C,CAPITAL,ESC GRAL SAN MARTIN,6276,1,21
-64.24350835615832,-31.401731467255466,7,QUEBRACHO HERRADO Y YAVI  LAS PALMAS,1,0011C,CAPITAL,ESC MUNIC JUSTO PAEZ MOLINA,6278,1,21
-64.22057784692717,-31.42865645185087,12,GOYENA Y GOMEZ CARRILLO,1,0011D,LOS NARANJOS CAPITAL,ESC REPUBLICA DEL PERU,6280,1,21
-64.21914658300705,-31.429551473974378,18,VIEYTES SUD 1607 B° LOS  NARANJOS,1,0011D,CAPITAL,INST JESUS MARIA,6282,1,21
-64.2310150056885,-31.42295842408258,11,AV LOS PLATANOS 1346,1,0011E,CAPITAL,ESC JOSE MARMOL,6285,1,21
-64.25118504309354,-31.402317914788007,8,AV DON BOSCO 5500 B° LOS  ROBLES,1,0011F,CAPITAL,COL SAN BUENAVENTURA,6288,1,21
-64.25343691044672,-31.400019607527263,11,POTRERILLO Y VENTA Y MEDIA,1,0011F,CAPITAL,ESC BATERIA LIBERTAD,6289,1,21
-64.26386408304029,-31.415605498201675,5,ALTO ALEGRE/NAMUNCURA,1,0011G,PQUE REPUBLICA,JORGE LUIS BORGES,6293,1,21
-64.25554903111144,-31.39372625182599,10,27 DE ABRIL 5650 B°QUEB LAS  ROSAS,1,0011H,CAPITAL,ESC GABRIELA MISTRAL,6294,1,21
-64.2483991349443,-31.411859141587374,6,SANTA ANA ESQ AVIADOR  PETIROSSI,1,0011I,LOS FILTROS VILLA,AGUIRRE CAMARA,6296,1,21
-64.247149308386,-31.424538232302066,10,ABEL N DE CHAVEZ RES SAN  ROQUE,1,0011I,CAPITAL,ESC MUNIC LUZ VIEYRA MENDEZ,6297,1,21
-64.2428522127128,-31.423148291596767,9,HURTADO DE MENDOZA ESQ  PEDRO ACUÑA,1,0011I,,ESC.REPUBLICA DEL ECUADOR,6298,1,21
-64.21067872517646,-31.417046728410426,12,SOL DE MAYO 726 B° OBRERO,1,0011J,CAPITAL,COLEGIO SAN JOSE,6301,1,21
-64.21297206780426,-31.416550312710502,16,SANTA ANA 2011 B°ALTO  ALBERDI,1,0011J,CAPITAL,ESC LUTERANO CONCORDIA,6303,1,21
-64.21685548353162,-31.410621477709782,17,ECHEVERRIA 370 B°ALTO  ALBERDI,1,0011J,CAPITAL,ESC ROMA,6304,1,21
-62.303919999889104,-33.12331999468671,6,BALDISSERA,9,121,BALDISSERA,ESC JOSE MARIA PAZ,6665,9,21
-62.3389569999435,-33.47301419449749,4,CORDOBA 138,9,124,CAVANAGH,ESC.SEC.TOMAS THOMAS,6669,9,21
-62.19110653337109,-33.28270159469849,6,CORRAL DE BUSTOS,9,125,CORRAL DE BUSTOS,COLEGIO JUAN XXIII,6670,9,21
-62.184620246709834,-33.27722910371567,5,CORRAL DE BUSTOS,9,125,CORRAL DE BUSTOS,ESC HIPOLITO IRIGOYEN,6671,9,21
-62.18784254962177,-33.289537201002055,8,CORRAL DE BUSTOS,9,125,CORRAL DE BUSTOS,ESC NOR SUP MAESTROS ARGENTINO,6672,9,21
-61.80618999980508,-33.00789999475131,7,CRUZ ALTA,9,126,CRUZ ALTA,COLEGIO SANTA JUANA DE ARCO,6675,9,21
-64.14219190715158,-31.48001703759755,13,ALTOLAGUIRRE 680 B°CNEL  OLMEDO,1,0012C,CAPITAL,ESC CORONEL OLMEDO,6322,1,21
-64.13315118673805,-31.456700084756847,8,DIEGO DE PACHECO 4900,1,0012D,CAPITAL,ESC MUNICIPAL DR A SABATTINI,6327,1,21
-64.14085712341937,-31.43938382361812,13,PJE GUASTONI 3472 B° BRIG S  MARTIN,1,0012D,CAPITAL,ESC PEDRO GOYENA,6328,1,21
-64.11090047297779,-31.461170862501817,8,SGO MORALES 4400 B°FERREYRA,1,0012E,CAPITAL,ESC LIBERTADOR GRAL S MARTIN,6331,1,21
-64.09167432226357,-31.475976687322863,5,RUTA 9 KM 8 1/2,1,0012E,CAPITAL,ESC REPUBLICA DE COSTA RICA,6332,1,21
-64.15604020814366,-31.444902858413048,7,BRAGADO/TRENQUE LAUQUEN  B°J HERNDEZ,1,0012F,CAPITAL,ESC MUNIC BRIG JUAN I DE S MAR,6336,1,21
-64.16878794508415,-31.441312631201576,10,B. DE O'HIGGINS 2656,1,0012F,CAPITAL,IPEM 167 JOSE MANUEL ESTRADA,6339,1,21
-64.09736676460359,-31.46520326667906,6,VUCETICH 6410 B°ITUZAINGO,1,0012G,CAPITAL,ESC PRIMARIA CARLOS M DE ALVEA,6342,1,21
-64.16863307163388,-31.502066783785764,7,AV B DE O'HIGGINS KM 8 1/2,1,0012H,CAPITAL,ESC JOSE M ESTRADA,6344,1,21
-64.15795940503217,-31.464307106782876,9,PALAMARA 2900,1,0012H,,ESC MADRE TERESA DE CALCUTA,6345,1,21
-62.17531069999995,-33.31144939999995,2,ISLAS MALVINAS 0,9,130,LA ITALIANA,ESC.PROV.GRAL SAN MARTIN,6681,9,21
-62.45617999991054,-32.91550999480029,6,MONTE BUEY,9,134,MONTE BUEY,ESC MANUEL BELGRANO,6693,9,21
-62.267972,-33.24807,1,AV ITALIA 448,9,135,CAP GRAL B O'HIGGINS,ESC.PROV.GRAL SAN MARTIN,6695,9,21
-61.91638999981731,-32.73078999490326,3,ALSINA 517 SUR,9,136,ROCA,ESC 9 DE JULIO,6696,9,21
-65.28251172079999,-31.04115450779996,3,CESAR MANUEL VERA S/N,10,138,CIENAGA DELCORO,ESC PROV COMTE ROSENDO LEAL,6701,10,21
-65.34106074554008,-31.089135662527053,1,PUBLICA S/N,10,139,GUASAPAMPA,ESC PROV JERONIMO CORTES,6702,10,21
-64.17114637506607,-31.379725218874228,11,ALVAREZ DE LAS CASAS 280  AYACUCH,1,0013A,CAPITAL,ESC R SANCHEZ DE CALDELARI,6353,1,21
-64.17564852270525,-31.395026997843612,9,GIANELLI 500 B°GRAL BUSTOS,1,0013C,CAPITAL,COLEGIO HORTUS CONCLUSUS,6355,1,21
-64.17273078669034,-31.39347948537991,13,AUGUSTO LOPEZ 643 B°GRAL  BUSTOS,1,0013C,CAPITAL,ESC ALEJO CARMEN GUZMAN,6356,1,21
-64.10749237139245,-31.38186328296648,4,CNO MONTE CRISTO KM 5,1,0013E,CAPITAL,ESC REPUBLICA DE LA INDIA,6360,1,21
-64.17370568364151,-31.351666598510953,24,ISAAC 4847,1,0013G,PQUE LICEO 1RA SECC,ESC ESPIRITU SANTO,6364,1,21
-64.15805842664476,-31.356346385963217,7,STORNI S/N B°PQUE LICEO 3RA  SECC,1,0013G,CAPITAL,ESC MUNIC GDOR A ZANICHELLI,6365,1,21
-64.14307265699011,-31.37858574252166,15,MADRE BRIGIDA PASTORINO  2733,1,0013H,CAPITAL,COL HIJAS DE MARIA INMACULADA,6369,1,21
-64.14030651745779,-31.377917061467357,11,USANDIVARAS 2254  B°PATRICIOS,1,0013H,CAPITAL,ESC JOSE MARIA PAZ,6370,1,21
-64.1354659459091,-31.371059782094314,12,ABRAMO 2545 B°BELGRANO,1,0013H,CAPITAL,ESC MANUEL BELGRANO,6371,1,21
-64.14306097505111,-31.377917619373772,8,USANDIVARAS 2050 VILLA  CORINA,1,0013H,CAPITAL,ESC PARROQUIAL SAN ROQUE,6373,1,21
-64.16314630008878,-31.37690566043208,11,A CAPDEVILA 709 Y BILIBISACATE,1,0013J,V AZALAIS CAPITAL,ESC ARTURO CAPDEVILA,6378,1,21
-64.15233385557774,-31.373563964559406,8,GELLY Y OBES 3110 VILLA  AZALAIS,1,0013J,CAPITAL,ESC GDOR H DEL CASTILLO,6380,1,21
-64.15284657370331,-31.376498197304,13,J MONTAÑO 1350 B° VILLA  AZALAIZ,1,0013J,CAPITAL,ESC JUSTO PAEZ MOLINA,6381,1,21
-64.15033525289384,-31.362975266225565,7,FCO DEL PRADO 3900 V AZALAIS,1,0013J,CAPITAL,ESC MUNIC J A PAREDES,6382,1,21
-64.16430689899234,-31.381471244606754,11,NUEVO MUNDO 824 B°RESID  AMERICA,1,0013J,CAPITAL,ESC PARROQUIAL L STUCCHI BAUDO,6383,1,21
-64.13330886549669,-31.385196238581408,9,ALSINA 2032 B°YOFRE N,1,0013N,CAPITAL,ESC DR ANTONIO NORES,6388,1,21
-64.13429507649664,-31.3851463958059,13,JACINTO DE ALTOLAGUIRRE  B°YOFRE NORT 208,1,0013N,CAPITAL,ESC MATEO J LUQUE,6389,1,21
-64.12531302073565,-31.370838112183282,3,MANZANA 22 B°CIUDAD DE LOS  CUARTETOS,1,0013O,,ESC. CARLOS TAGLE ACHAVAL,6390,1,21
-65.10396393786681,-31.17493269056101,6,RIVADAVIA E IRIGOYEN 0,10,142,SAN CARLOS,ESC.SEC.J.L.DE CABRERA,6705,10,21
-64.46441000012699,-31.316449995710386,6,SAN MARTIN 675,12,147,BIALET MASSE,INST SERVILIANO DIAZ,6725,12,21
-64.51518937486655,-30.860643343975163,8,AV PUEYRREDON 131,12,148,CAPILLA DEL MONTE,ESC ESP JUAN MANUEL FERNANDEZ,6726,12,21
-64.51518937486655,-30.860643343975163,8,SARMIENTO 380,12,148,CAPILLA DEL MONTE,ESC GRAL JOSE DE SAN MARTIN,6727,12,21
-64.47299202761086,-31.154280336578932,2,RUTA NACIONAL N°38,12,149,CASA GRANDE,ESC GRAL JOSE DE SAN MARTIN,6729,12,21
-64.24658721357461,-31.337278425351176,11,PUBLICA S/N IPV  SECTOR360ARGÜELLO N,1,0014A,CAPITAL,ESC MARTHA A SALOTTI,6393,1,21
-64.24657162751078,-31.336682853956628,12,MARTIN FERMIN B°ARGÜELLO  NORT 0,1,0014A,CAPITAL,ESC RICARDO NASSIF,6394,1,21
-64.27403580862294,-31.34423266702419,6,CUIMAN B°LA SALLE 6543,1,0014B,CAPITAL,ESC ELISA K DE LIVACK,6395,1,21
-64.26809276911975,-31.341029167568287,8,NILO PECANHA S/N B°QTAS DE  ARGÜELLO,1,0014B,CAPITAL,ESC MUNIC RAUL V MARTINEZ,6397,1,21
-64.28844779127179,-31.325628708354326,13,AV ENRIQUE BODEREAU KM 14,1,0014C,CAPITAL,INST CONCEPCIONISTA LA INMACUL,6398,1,21
-64.2349468798198,-31.372775495154816,12,JOSE E BUSTOS 1875 C DE LAS  ROSAS,1,0014D,CAPITAL,ESC JUAN ZORRILA DE SAN MARTIN,6400,1,21
-64.27980080686069,-31.323274500162196,5,MOLLEYACO/PAYEN,1,0014E,CERRO NORTE,ESC GERONIMO GRAGERA,6401,1,21
-64.24680291421338,-31.34477379999222,11,TRINIDAD ESQ ITALIA B°SILVANO  FUNES,1,0014F,CAPITAL,ESC DR ALEJANDRO GALLARDO,6404,1,21
-64.25742135201746,-31.336527224647092,10,CARLOS BROGGI S/N°  B°ARGÜELLO,1,0014F,CAPITAL,ESC JAVIER LAZCANO COLODRERO,6405,1,21
-64.22320258174474,-31.34345167734078,8,BV CORDOBA 100 B°LOS  BOULEVARES,1,0014G,CAPITAL,ESC JUAN MARIA GUTIERREZ,6406,1,21
-64.2583145785937,-31.318617352674693,4,REVELTO ESQ TOMASINI  B°MERCANTIL,1,0014H,CAPITAL,ESC MUNIC MAESTRO M OLIVA,6409,1,21
-64.23784217134327,-31.38012346274379,8,IGARZABAL 1250 B°URCA,1,0014J,CAPITAL,ESC REPUBLICA DEL LIBANO,6413,1,21
-64.28570000011159,-31.31399999571029,8,12 Y 14 VILLA ALLENDE PQUE,1,0014K,CAPITAL,ESC MUNIC DR RAUL FERNANDEZ,6415,1,21
-64.28385900079385,-31.313419834122637,3,MULUCHES S/N,1,0014K,VILLA ALLENDE PARQUE,JARDIN MATERNAL TRAVESURAS,6416,1,21
-64.25029935559364,-31.353922678543213,9,AVOGADRO Y GAUSS VILLA  BELGRANO,1,0014L,CAPITAL,ESC NUEVA JUAN MANTOVANI,6417,1,21
-64.2526007352017,-31.361212890614887,8,D'ALEMBERT Y GAUSS,1,0014L,CAPITAL,ESC RICARDO PALMA,6418,1,21
-64.2668602674411,-31.316751669085075,8,PUBLICA S/N°V CORNU,1,0014N,CAPITAL,ESC MUNIC DR HORACIO GARCIA,6423,1,21
-64.20656828677417,-31.399385541926886,3,MOLINO DE TORRES 6635,1,0014Q,WARCALDE VILLA,INST. TEC. ISAAC NEWTON,6430,1,21
-64.49390540013,-30.952411595923806,6,ALBERDI 277,12,153,LA CUMBRE,ESC JOSEFA MARIA BUSTOS,6739,12,21
-64.48002273124652,-31.10382116052912,7,HIPOLITO YRIGOYEN 431 B°SAN  JORGE,12,154,LA FALDA,ESC JOSE MARIA PAZ,6743,12,21
-64.49621758754368,-31.41977506404754,17,SAN MARTIN 255,12,156,VILLA CARLOS PAZ,ESC CARLOS NICANDRO PAZ,6748,12,21
-64.50167071620368,-31.437721457499197,12,LOS GIGANTES S/N-B°M MUÑOZ,12,156,VILLA CARLOS PAZ,ESC PRESIDENTE SARMIENTO,6750,12,21
-64.49096650864433,-31.429700567916058,10,FLORENCIO SANCHEZ S/N-B°LAS  MALVINAS,12,156,VILLA CARLOS PAZ,INST INDUSTRIAL CRISTO OBRERO,6755,12,21
-64.47633504867552,-31.404564564289373,10,GOBERNADOR ROCA 53,12,156,VILLA CARLOS PAZ,UNIVERSIDAD TECNOLOGICA,6759,12,21
-64.48566000012897,-31.1117699958311,7,SAN MARTIN 12,12,159,VALLE HERMOSO,INST.NTA.SRA. DEL CALVARIO,6765,12,21
-64.33386633895226,-32.75803457938888,7,GRAL ROCA 643 CENTRO,13,162,ALCIRA,ESC JOSE MARIA PAZ,6785,13,21
-64.3572498,-32.8469474,5,VELEZ SARSFIELD 50,13,164,BAIGORRIA,ESC PROV BERNARDINO RIVADAVIA,6788,13,21
-64.34397361815478,-33.097212935873216,11,AVENIDA GARIBALDI 740,13,165,BANDA NORTE,ESC DR ADOLFO ALSINA,6792,13,21
-64.33765117097941,-33.112799433326245,6,SAN LUIS 342,13,165,BANDA NORTE,ESC REPUBLICA DEL URUGUAY,6794,13,21
-64.3358,-33.1037,12,AV JOSE GARIBALDI 50,13,165,BANDA NORTE,INST SUP RAMON MENENDEZ PIDAL,6795,13,21
-64.3884000001195,-32.4518999950581,8,FRAY MAMERTO ESQUIU 25,13,166,BERROTARAN,ESC VICTOR MERCANTE,6797,13,21
-64.38840318361807,-32.45189771990062,10,AQUINO ARGUELLO ARDILES 203,13,166,BERROTARAN,INSTITUTO PARROQ.BERROTARAN,6798,13,21
-63.97483000008225,-33.280699994600695,7,MAIPU 535 NORTE,13,177,LAS ACEQUIAS,ESC LEONILA DE LAS M LEMOS,6811,13,21
-64.74955550552016,-32.87119470439497,1,LAS CAÑITAS,13,178,LAS CAÑITAS,ESC.PROV.J.DE SAN MARTIN,6812,13,21
-64.2881,-33.0878,3,ESPAÑA 86 B° SAN MARTIN,13,179,LAS HIGUERAS,JARD INF JORGE A NEWBERY,6814,13,21
-64.10654143152357,-32.53394451056707,1,AVDA. 22 DE OCTUBRE 0,13,180,LAS PEÑAS,ESC.PROV.J.M.PAZ,6815,13,21
-64.32725005221944,-33.13736391405205,11,OLEGARIO ANDRADE 1020,13,186,PUEBLO ALBERDI,ESC ARZOBISPO ANTONIO ESPINOSA,6826,13,21
-64.34333814854307,-33.144771075489196,13,AZOPARDO 1270 FENIX,13,186,PUEBLO ALBERDI,ESC GRAL JUSTO S ANAYA,6827,13,21
-64.3343,-33.1337,17,BELISARIO ROLDAN 275,13,186,PUEBLO ALBERDI,INST LANTERIANO LA MERCED,6829,13,21
-64.3439,-33.1226,17,BAIGORRIA 373,13,188,RIO CUARTO,COL NTRA SRA DEL CARMEN,6832,13,21
-64.3482,-33.1215,12,FOTHERINGHAM 68,13,188,RIO CUARTO,COLEGIO HISPANO ARGENTINO,6834,13,21
-64.34220036004658,-33.12310080465251,10,BAIGORRIA 552,13,188,RIO CUARTO,ESC 21 DE JULIO,6837,13,21
-64.35339269849342,-33.10929602853778,8,RIO QUINTO 660,13,188,RIO CUARTO,ESC ALTE BROWN,6838,13,21
-64.3502,-33.1301,14,SOBREMONTE 1333,13,188,RIO CUARTO,ESC MANUEL BELGRANO,6841,13,21
-64.35073250680382,-33.126881845128466,24,CONSTITUCION 1040,13,188,RIO CUARTO,ESC.NORM.NAC.MIXTA,6843,13,21
-64.72157412593799,-33.38428003301485,9,SAMPACHO,13,189,SAMPACHO,ESC SAN MARTIN,6849,13,21
-64.72197534418686,-33.384444346027266,12,SAMPACHO,13,189,SAMPACHO,INSTPABLO ANTONIO PIZZURNO,6850,13,21
-63.708867566700015,-30.904222018000013,1,PUBLICA S/N,14,195,ATAHONA,ESC.PROV.J.DE SAN MARTIN,6861,14,21
-63.58574779999993,-31.429782600000014,1,CALLE 12 0,14,196,CAÑADA DE MACHADO,ESC.PROV.M.MORENO,6862,14,21
-63.8326608627,-31.429279662100008,4,MARTIN GUEMES S/N,14,198,CAPILLA DE REMEDIOS,ESC PROV MARTIN GUEMES,6864,14,21
-63.223051177999935,-31.206297154399948,1,LAS CUATRO ESQUINAS,14,201,EL MANANTIAL,ESC JOSE MARIA PAZ,6867,14,21
-63.79305613569998,-31.07684341099998,1,MALVINAS ARGENTINAS S/N,14,202,ESQUINA,ESC PROV JOSE MANUEL ESTRADA,6868,14,21
-63.618107328769604,-31.331055332308757,7,CORRIENTES 251 LUCHI,14,218,RIO PRIMERO,ESC GRAL JOSE DE SAN MARTIN,6887,14,21
-63.39152849349996,-30.181420243000016,1,ENCRUCIJADA,15,224,ENCRUCIJASA,ESC PROV PRIMERA JUNTA,6899,15,21
-63.5161985,-29.7218491,3,PUBLICA S/N,15,225,GUTEMBREG,ESC GRAL SAN MARTIN,6900,15,21
-63.33950614450607,-31.508166849293456,2,GRAL JOSE DE SAN MARTIN S/N,16,231,CAPILLA DEL CARMEN,ESCUELA NARCISO LAPRIDA,6914,16,21
-63.34084000002079,-31.648929995516156,9,LUQUE,16,237,LUQUE,ESC GRAL JOSE DE SAN MARTIN,6922,16,21
-63.6847634978474,-31.915169404095042,12,ONCATIVO,16,239,ONCATIVO,ESC JOSE MARIA PAZ,6926,16,21
-63.8808741983542,-31.681790547783482,13,PILAR,16,240,PILAR,ESC ZENON LOPEZ,6931,16,21
-63.9112287670919,-31.649525734298845,10,RIVADAVIA 915,16,243,RIO SEGUNDO,ESC PRIMER GOBIERNO PATRIO,6938,16,21
-63.90477543465649,-31.654743214030855,10,MARCONI 591 BELGRANO,16,243,RIO SEGUNDO,ESC VICTOR MERCANTE,6939,16,21
-63.538930000041354,-31.56035999556767,13,VILLA DEL ROSARIO,16,245,VILLA DEL ROSARIO,COLEGIO SAN JOSE,6943,16,21
-63.38750041935818,-34.128325954999454,8,RIVADAVIA(B°CENTRO) 245,17,248,LABOULAYE,COLEGIO SAN JOSE,6952,17,21
-63.39792843938063,-34.12566753679822,10,INTENDENTE FENOGLIO(B°  SANTA RITA) 344,17,248,LABOULYE,ESC GRAL CONRADO VILLEGAS,6953,17,21
-63.391513955917375,-34.13265588835869,9,AV INDEPENDENCIA(B°CENTRO)  475,17,248,LABOULAYE,I.P.E.M. 278-M.ARGENTINAS,6956,17,21
-63.39126581671037,-34.133687653808565,10,AV  INDEPENDENCIA(B°TERMINAL)  512,17,248,LABOULAYE,IPEM 257 DR RENE FAVALORO,6957,17,21
-63.15172803659998,-34.17242996710001,2,CORRIENTES 0,17,255,ROSALES,ESC.PROV.P.B.PALACIOS,6964,17,21
-65.00620075764581,-31.724827263430747,11,MINA CLAVERO,18,262,MINA CLAVERO,ESC GRAL JOSE DE SAN MARTIN,6972,18,21
-64.99398119999992,-31.79361,4,LOS PORTEÑOS/CALLE PUB 0,18,263,,IPEM 135-DON JOSE F RECALDE,6976,18,21
-65.42962486759997,-31.85145892579999,4,PUBLICA S/N,18,266,SAN VICENTE,ESC MAESTRO H GALABURRI,6979,18,21
-65.23048730899994,-32.08203627369998,2,PUBLICA S/N,19,267,CONLARA,ESC PROV NARCISO LAPRIDA,6993,19,21
-65.17179910089314,-31.948152589984964,7,AV BELGRANO (B°FATIMA) 1399,19,268,DOLORES,ESC MANUEL BELGRANO,6998,19,21
-65.19122084039385,-31.9482943354035,15,AV.S.MARTIN 271,19,268,VILLA DOLORES,ESC.NORMAL SARSFIELD,7000,19,21
-65.05138274404631,-31.952110468867332,11,PUBLICA S/N,19,270,CHUCHIRAS,ESC MAGDALENA T DE CHARLES,7004,19,21
-65.09511470000001,-31.95382239999998,4,LAS TAPIAS,19,271,LAS TAPIAS,ESC LEOPOLDO LUG0NES,7005,19,21
-62.46575999990506,-31.938039995349293,5,ALICIA,20,277,ALICIA,ESC FRAY CAYETANO RODRIGUEZ,7015,20,21
-63.05094098164044,-31.418509682615102,8,RIVADAVIA (B°CENTRO) 473,20,279,ARROYITO,ESC JOSE MARIA PAZ,7019,20,21
-63.05022254959426,-31.41881468310899,11,RIVADAVIA (B°CENTRO) 473,20,279,ARROYITO,ESC MANUEL BELGRANO,7020,20,21
-62.03324694760938,-30.86790262491371,8,AV SEEBER (B°MANUEL  BELGRANO) 317,20,282,BRINKMANN,COLEGIO MANUEL BELGRANO,7027,20,21
-62.30613999987301,-31.40304999565892,10,DEVOTO,20,285,DEVOTO,ESC CARLOS J FLORIT,7031,20,21
-62.30613999987301,-31.40304999565892,6,DEVOTO,20,285,DEVOTO,ESC DOMINGO F SARMIENTO,7032,20,21
-62.72417330090803,-31.873417047625264,17,ESCRIBANO LUIS MORELLI 188,20,298,LAS VARILLAS,ESC NORM SUP D VELEZ SARSFIELD,7050,20,21
-63.89071701519995,-31.12436969479997,1,PUBLICA 0,3,0029A,TINOCO,ESC.PROV.B.RIVADAVIA,6516,3,21
-62.368461554403865,-31.629774290204068,2,JUAREZ CELMAN 357,20,306,PROSPERIDAD,ESC PROV SANTIAGO DERQUI,7063,20,21
-62.72592329190001,-31.528095783799984,5,9 DE JULIO 576,20,309,SAN BARTOLOME,ESC PROV PRIMERA JUNTA,7067,20,21
-62.0832,-31.4305,13,PJE CHAMPAGNAT (SUR) 57,20,310,SAN FCO.SECC.SUR,COL SUP SAN MARTIN,7068,20,21
-62.1015,-31.4353,9,FALUCHO Y PEATONAL LARREA  N S/N,20,310,SAN FCO.SECC.SUR,ESCUELA 2 DE ABRIL,7071,20,21
-62.0881,-31.4358,16,RIVADAVIA 648,20,310,SAN FCO.SECC.SUR,ESCUELA N AVELLANEDA,7072,20,21
-62.098562658011005,-31.432829254277724,11,CASEROS(B°LA CONSOLATA) 518,20,310,SAN FCO.SECC.SUR,ESCUELA RIO NEGRO,7074,20,21
-61.956624999909316,-30.840373995990756,2,ANA PASSADORE 611,20,315,VIGNAUT,COL MARIA AUXILIADORA,7079,20,21
-64.43576230071024,-31.651027173811585,8,ANATOLE FRANCE(B°CARLOS  PELLEGRINI) 360,21,316,ALTA GRACIA,ESC VICTOR MERCANTE,7097,21,21
-64.43372043904307,-31.648246211383093,13,RAMON J CARCANO(B°GOB A  SABATTINI) 135,21,316,ALTA GRACIA,ESCUELA CURA ELEODORO FIERRO,7098,21,21
-64.25886298071156,-31.64710331815468,2,SARMIENTO Y BERUTTI(RAFAEL  GARCIA) 0,21,318,BAJO GRANDE,ESC.PROV.FRENCH Y BERUTTI,7107,21,21
-64.19298343150001,-31.557861251199984,5,LIBERTADOR SAN MARTIN 0,21,319,BOUWER,ESC DR FLORENTINO F BUSTOS,7108,21,21
-64.09027529999999,-31.645877299999984,4,SARMIENTO 441,21,325,LOZADA,ESC.PROV.B.RIVADAVIA,7114,21,21
-64.24765606539394,-32.19459520460646,11,CASTELLI 590,23,336,ALMAFUERTE,ESC REMEDIOS E DE SAN MARTIN,7144,23,21
-63.892470000075186,-32.16395999522071,7,DUSSAN ALACEVICH 86,23,337,ASCASUBI,ESC.M.G.PONCE,7146,23,21
-63.57760189999996,-32.611560099999984,4,RIVADAVIA 283,23,339,DALMACIO VELEZ,ESC PROV FRAY LUIS BELTRAN,7148,23,21
-63.731985826895354,-32.427177590263206,5,25 DE MAYO 100,23,340,HERNANDO,COLEGIO DIVINO CORAZON,7149,23,21
-63.726646634480566,-32.43149315724788,7,HERNANDO,23,340,HERNANDO,ESC GOB J F JAVIER DIAZ,7150,23,21
-63.73243285859748,-32.42820751908522,7,COLON 102,23,340,HERNANDO,ESC LA STMA TRINIDAD,7151,23,21
-63.73311299552956,-32.423519412833286,9,HERNANDO,23,340,HERNANDO,ESC PABLO A PIZZURNO,7152,23,21
-63.6425657,-32.240671299999974,2,PAMPAYASTA NORTE,23,345,PAMPAYASTA NORTE,ESC PROV ANTARTIDA ARGENTINA,7161,23,21
-63.65057049999997,-32.25277539999997,4,RIVADAVIA 198,23,346,PAMPAYASTA SUD,ESC.PROV. REYES CATOLICOS,7162,23,21
-63.97506000008276,-32.24981999517199,7,SARMIENTO 1076,23,349,TANCACHA,ESC GRAL JOSE DE SAN MARTIN,7174,23,21
-64.00267785789995,-31.35527516900004,3,VILLAFAÑE DEL VISO 0,3,0035A,MI GRANJA,JARDIN DE INF.CAP.CANDELARIA,6520,3,21
-64.15403180828262,-30.091999430463137,2,9 DE JULIO S/N,25,369,SAN PEDRO NORTE,ESC MANUEL BELGRANO,7203,25,21
-64.12414323459126,-30.395302076613184,6,CALLE REAL 0,25,371,VILLA TULUMBA,ESC.PROV.OB.O.CORREA,7205,25,21
-62.98117484525024,-32.5429227379238,10,PTE PERON- CENTRO 75,26,373,BALLESTEROS,ESC PROV GRAL SAN MARTIN,7210,26,21
-62.685269026586816,-32.63013092951133,11,BV FIGUEROA ALCORTA 40,26,375,BELL VILLE,COLEGIO SAN JOSE,7212,26,21
-62.68856256780234,-32.62785149615518,16,AMEGHINO 155,26,375,BELL VILLE,ESC PONCIANO VIVANCO,7214,26,21
-62.71465856160002,-33.30192294469998,2,RIVADAVIA 360,26,376,BISMARCK,ESC PROV B ERNARDINO RIVADAVIA,7218,26,21
-62.83986745774214,-33.88089482802537,5,BUENOS AIRE 414,26,384,EL DORADO,ESC.PROV.V.LOPEZ Y PLANES,7225,26,21
-62.83341999996216,-32.59176999497951,6,MORRISON,26,392,MORRISON,ESC PROV LEOPOLDO LUGONES,7234,26,21
-62.680173375333496,-32.88186968455067,11,BELGRANO 222,26,396,POSSE,INST DALMACIO VELEZ SARSFIELD,7242,26,21
-64.30994100011365,-31.31414699487189,2,,3,0041A,,JARDIN NOGAL HISTORICO,6525,3,21
-64.94494117270015,-30.568301828146694,2,PUBLICA S/N,4,0050A,LOS CHAÑARITOS,ESC DOMINGO F SARMIENTO,6554,4,21
-64.69516590000002,-30.8582565,1,CANTERAS QUILPO,4,0054A,CANTERAS QUILPO,ESC.PROV.M. BELGRANO,6558,4,21
-65.26631381962795,-30.905063386264878,1,RUMIACO,10,0138A,RUMIACO,ESC MIGUEL DE AZCUENAGA,6706,10,21
-65.22174811949999,-31.039502088300047,1,PUBLICA 0,10,0138B,RUMIHUASI,ESC.PROV.FRAY M.ESQUIU,6707,10,21
-65.66780179793687,-31.641378081808764,1,PUBLICA 0,11,0144A,LAS JARILLAS,ESC.PROV.L.LUGONES,6718,11,21
-64.4727956001281,-31.02577819588018,4,CHILE S/N B°INDEPENDENCIA,12,0152A,VILLA GIARDINO,ESC ESTEBAN ECHEVERRIA,6770,12,21
-64.50322190013085,-30.92341059594099,3,LOS COCOS,12,0155A,LOS COCOS,ESC DRA CECILIA GRIERSON,6772,12,21
-64.56537950013595,-31.482333895611585,4,GENERAL SAN MARTIN S/N,12,0156A,YCHO CRUZ,ESC MERCEDES S M DE BALCARCE,6773,12,21
-64.5289695590748,-31.477017388638316,5,RUTA PROV. 14-KM.43 CENTRO,12,0156D,SAN A.DE ARREDONDO,ESC JUAN JOSE PASO,6776,12,21
-64.84327895873085,-32.889430112839534,2,CALLE 11 0,13,0178A,LAS ALBAHACAS,ESC.C.G. DE REZZANO,6857,13,21
-63.22899239500001,-31.13242105640001,1,LAS GRAMILLAS,14,0201A,LAS GRAMILLAS,ESC MAEST F BELLORA DE DAVILA,6895,14,21
-63.15188165342007,-31.062460820029795,1,PUBLICA S/N,14,0215A,LA QUINTA,ESC PROV JUAN JOSE PASO,6897,14,21
-63.357947059999944,-30.074517207499976,1,PUBLICA S/N,15,0225A,LA CAÑADA,ESC PROV GENERAL PAZ,6906,15,21
-63.8443009,-30.115518200000036,1,PUBLICA S/N,15,0227D,SANTA ELENA,ESC PROV ING FEDERICO NEHHER,6911,15,21
-63.589052053325105,-29.924165281372524,1,SANTIAGO DEL ESTERO S/N,15,0229A,EUFRASIO LOZA,ESC PROV LEOPOLDO LUGONES,6912,15,21
-64.84656924339995,-31.833727857099998,1,PUBLICA S/N,18,0263B,LOS CERROS,ESC PROV CEFERINO NAMUNCURA,6984,18,21
-65.54987408940002,-31.834878445299967,1,SAN RAFAEL,18,0266A,SAN RAFAEL,ESC MARCELO T DE ALVEAR,6992,18,21
-65.17138295929996,-32.247693895,1,RUTA NACIONAL 148 S/N,19,0269B,EL MANANTIAL,ESC PROV JUAN JOSE PASO,7012,19,21
-65.4445800002175,-31.969289995325227,5,LOS CERRILLOS,19,0275A,LOS CERRILLOS,ESC GENERAL BARTOLOME MITRE,7014,19,21
-62.97175165715026,-31.404523712373226,2,ALICIA ROSSI 441,20,0279A,EL FUERTECITO,ESC PROV ALTE GUILLERMO BROWN,7080,20,21
-62.093598334984534,-31.42712160084829,10,ALMAFUERTE (B°ROCA) 104,20,0310A,SAN FCO.SECC.NORTE,ESC DOMINGO F SARMIENTO,7088,20,21
-62.0754,-31.4292,13,JUJUY(B°ITURRASPE) 205,20,0310A,S.FRANCISCO NORTE,ESC PTE HIPOLITO IRIGOYEN,7091,20,21
-62092,-31.4175,11,ENTRE RIOS(B°GENERAL ROCA)  2505,20,0310A,S.FRANCISCO NORTE,ESCUELA PRIMERA JUNTA,7092,20,21
-64.45520827689998,-31.735959532400024,1,LA SERRANITA,21,0316D,LA SERRANITA,ESC GENERAL MANUEL BELGRANO,7127,21,21
-64.38675259999995,-31.61586139999997,3,CALLE 10 ESQ AV N 5 0,21,0316G,VILLA EL PRADO,ESC.PROV.J.HERNANDEZ,7130,21,21
-64.36733000011846,-31.44586999563389,7,BRIGADIER SAN MARTIN 231,21,0326A,YOCSINA,COLEGIO JUAN XXIII,7134,21,21
-64.36141000011779,-31.46840999562141,4,CRUCERO GENERAL BELGRANO  S/N,21,0326B,BARRIO 1° DE MAYO,ESC PROV FRAY J S MARIA DE ORO,7135,21,21
-63.92714358802636,-32.50850602347043,1,LAS ISLETILLAS,23,0347A,LAS ISLETILLAS,ESC PROV GABRIELA MISTRAL,7177,23,21
-63.8680253,-32.32392439999998,2,SAN JUAN ESQ BELGRANO,23,0349A,GRAL FOTHERINGHAM,ESC PROV GRAL BATOLOME MITRE,7178,23,21
-63.885465232999955,-30.626979621900023,1,PUBLICA S/N,24,0352A,LOS MISTOLES,ESC PROV PEDRO N ARIAS,7192,24,21
-63.864636399999945,-30.1783549,1,EL RODEO,25,0360A,EL RODEO,ESC PROV MIGUEL DE GUEMES,7206,25,21
-64.01016369999994,-30.212988899999985,1,LA TOMA,25,0360B,LA TOMA,ESCUELA ESTEBAN ECHEVERRIA,7207,25,21
-64.08510649999992,-30.2402883,1,PUBLICA S/N,25,0370A,LA CAÑADA,ESC PROV MANUEL DORREGO,7208,25,21
-64.10414962016885,-31.463003995672704,12,BENAVIDEZ Y CANESA - B°N  AVELLANEDA,1,12,CAPITAL,ESC JUAN XXIII,6120,1,22
-64.33473403461319,-31.342952878749163,18,CALERA,3,28,CALERA,INSTITUTO D.F.SARMIENTO,6470,3,22
-64.06637282156196,-31.021225046876598,10,MAESTRA OLGA PROSDOCIMO  3580,3,29,COLONIA CAROYA,ESC. PROV. GRAL SAN MARTIN,6473,3,22
-64.04333579496162,-31.366621692165285,9,MALVINAS ARGENTINAS,3,35,MALVINAS ARGENTINAS,ESC.CAP.LUIS C.CANDELARIA,6490,3,22
-64.32888000042965,-31.164990606356234,7,1 MAYO B° MOREYRA 112,3,37,RIO CEBALLOS,ESC.CONSTANCIO C. VIGIL,6494,3,22
-64.3161380845202,-31.171053760515257,11,AVENIDA SAN MARTIN 4519,3,37,RIO CEBALLOS,ESC.PROV.M.FRAGUEIRO,6495,3,22
-64.32208035256443,-31.16659957278304,11,AV. SAN MARTIN 5109,3,37,RIO CEBALLOS,INSTITUTO DEL ESPIRITU SANTO,6497,3,22
-64.29477095603941,-31.13789712908942,6,AV BELGRANO 178,3,38,SALSIPUEDES,INST SECUNDARIO SALSIPUEDES,6501,3,22
-64.3113097764755,-31.237065940998228,11,JUAN MILICH 0,3,40,UNQUILLO,INST.PARROQ.NTA.SRA DE LOURDES,6506,3,22
-64.29768682510091,-31.28803683245299,4,GUEMES ESQ ALBERTI,3,41,VILLA ALLENDE,COLEGIO MARYLAND,6507,3,22
-64.2973235133589,-31.295475811749384,13,GOYCOECHEA 150,3,41,VILLA ALLENDE,ESC.PROV. J.DE SAN MARTIN,6509,3,22
-64.29538380692374,-31.29271683944505,29,25 DE MAYO ESQ. TABLADA 0,3,41,VILLA ALLENDE,INST GRAL S.MARTIN/17 DE AGOST,6510,3,22
-64.17984559658971,-31.450574483184983,13,ELIAS YOFRE 1095 - B° JARDIN,1,0004B,CAPITAL,COL NICOLAS BERROTARAN,6130,1,22
-64.17159864018444,-31.44756649537087,10,P.L.DE CABRERA ESQ.TANTI B°V.  REVOL,1,0004B,CAPITAL,ESC ING MASJOAN,6131,1,22
-64.98681697056809,-30.85622280956618,4,SOTO,4,56,SOTO,INSTITUTO SANTO DOMINGO,6547,4,22
-63.478286699999984,-32.542345599999976,2,9 DE JULIO 350,6,80,LUCA,ESC.PROV.J.V.GONZALEZ,6587,6,22
-62.930106799999955,-32.25004130000003,2,ANTONIO CONRERO 24,6,86,SILVIO PELLICO,ESC.PROV.M.GUEMES,6592,6,22
-63.24975375939299,-32.41230056533812,12,CATAMARCA 650,6,89,VILLA MARIA,ESC.COM.A.OCAMPO,6596,6,22
-64.6662511129,-30.469242164100017,2,PUBLICA S/N,7,94,CHUÑA,ESC PROV GRAL M GUEMES,6618,7,22
-64.35575509561767,-30.423730280605582,11,CORDOBA 87,7,95,DEAN FUNES,ESC.PEDRO N.ARIAS,6622,7,22
-64.4946300001302,-30.217119996370027,6,QUILINO ESTACION,7,99,QUILINO ESTACION,ESC.CIUDAD DE BS.AIRES,6627,7,22
-64.4946300001302,-30.217119996370027,6,QUILINO ESTACION,7,99,QUILINO ESTACION,ESC.PROV.M.BELGRANO,6628,7,22
-63.65632130005618,-33.29645319459257,6,ALEJANDRO,8,102,ALEJANDRO,ESC.EL GRAN CAPITAN,6635,8,22
-63.786123691397,-32.75643173478411,9,GENERAL DEHEZA,8,109,GENERAL DEHEZA,INST.TEC.ADRIAN P. URQUIA,6646,8,22
-64.21782105481249,-31.46863098275918,10,DEFENSA Y CACHEUTA B°V.EL  LIBERTADOR 109,1,0010L,CAPITAL,ESC MARTA JUANA GONZALEZ,6258,1,22
-63.293310989412966,-33.4190360815334,11,V.SARSFIELD 651,8,112,LA CARLOTA,ESC.NAC.DE COMERCIO,6651,8,22
-63.905567,-33.0447044,2,25 DE MAYO 135,8,114,OLAETA,ESCUELA PROV.FRENCH Y BERUTTI,6654,8,22
-63.43422950003715,-33.18285559465409,6,SANTA EUFEMIA,8,117,SANTA EUFEMIA,INSTITUTO DR.M. BELGRANO,6656,8,22
-63.50573000003836,-33.03205999473611,7,UCACHA,8,118,UCACHA,ESC.PROV.J.B.ALBERDI,6658,8,22
-62.40288999990912,-33.641119994407354,10,INTENDENTE MELQUIOT 922,9,120,ARIAS,ESC.PROV.SGTO.CABRAL,6663,9,22
-62.40288999990912,-33.641119994407354,9,AV. ESPA? 779,9,120,ARIAS,ESC.R.ESCALADA DE SAN MARTIN,6664,9,22
-62.22781999987489,-32.944269994784776,5,INRIVILLE,9,128,INRIVILLE,INST JOSE MARIA PAZ,6679,9,22
-64.15536473632105,-31.431913366533205,8,LUIS BRAILE 2273 B°SARMIEN,1,0012B,CAPITAL,ESC JUAN LARREA,6318,1,22
-64.14107182858429,-31.388623028996403,10,P DE LEDESMA B°PQUE MTE  CRIST 1755,1,0013F,CAPITAL,ESC SGTO CABRAL,6363,1,22
-65.43002651800002,-30.806119862300008,1,PIEDRITA BLANCA,10,141,PIEDRITA BLANCA,ESC PRIMARIA JORGE LUIS BORGES,6704,10,22
-65.44692488329997,-31.413954378,3,PUBLICA S/N,11,144,CHANCANI,ESC PROV MARIANO MORENO,6715,11,22
-64.25704474784867,-31.325114821501877,14,DOMINGO MARIMON/GABRIEL  ORTEGA,1,0014A,CAPITAL,ESC BRIG SAN MARTIN,6391,1,22
-64.23159907533756,-31.363670043857873,13,C DE ARREDONDO 4446  B°CENTENARIO,1,0014M,CAPITAL,ESC PRIMERA JUNTA,6420,1,22
-64.2932971986719,-31.31955103485642,7,LAGUNA LARGA/R LUNA V R  INDAR,1,0014P,CAPITAL,ESC MUNIC DR JORGE ORGAZ,6428,1,22
-64.4818004343995,-31.092865944893685,10,AV EDEN 445,12,154,LA FALDA,ESC MATEO J MOLINA,6744,12,22
-64.5354312,-30.920546500000015,2,SAN ESTEBAN,12,155,SAN ESTEBAN,ESC INES MOYANO DE MOLINA,6747,12,22
-64.33849224435758,-32.76245291443239,9,DEAN FUNES Y HEROES  ANONIMOS S/N,13,162,ALCIRA,ESC PERITO FRANCISCO MORENO,6786,13,22
-64.33014201640859,-33.10312754341819,13,SANTA FE ESQ URUGUAY S/N,13,165,BANDA NORTE,ESC PROVINCIA SANTA CRUZ,6793,13,22
-64.05481000008938,-33.471249994497875,7,HOLMBERG,13,172,HOLMBERG,ESC.PROV.C.SAAVEDRA,6805,13,22
-64.2881,-33.0878,13,LAS HIGUERAS,13,179,LAS HIGUERAS,ESC JORGE ALEHANDRO NEWBERY,6813,13,22
-64.58066318009762,-33.281211959274366,3,JULIANA GARCIA PUBLILL 560,13,182,LAS VERTIENTES,ESC CAP DE FRAGATA MOYANO,6817,13,22
-64.39346608771908,-33.91569532708096,9,LIB GENERAL SAN MARTIN 318  CENTRO,13,183,VICUÑA MACKENNA,ESC GRAL NAPOLEON URIBURU,6818,13,22
-64.38877841267357,-33.91565698314525,8,SARMIENTO 672 CENTRO,13,183,VICUÑA MACKENNA,ESC GUIDO SPANO,6819,13,22
-64.39041608651893,-33.91690418244488,9,AV CARLOS S YDE 684,13,183,CENTRO,INST JUAN PASCUAL PRINGLES,6820,13,22
-64.59990000013696,-33.633299994410805,9,MOLDES,13,184,MOLDES,ESC FRAY MARCOS DONATTI,6821,13,22
-64.38191619999998,-33.93116770000001,1,PUEYRREDON,13,187,PUEYRREDON,ESC CAP DE NAV S ALBARRACIN,6831,13,22
-64342,-33.1284,8,BV GRAL ROCA 701,13,188,RIO CUARTO,ESCUELA PIAS,6847,13,22
-64.56287382385902,-31.985568949664312,8,VILLA GRAL.BELGRANO,2,0020A,VILLA GRAL.BELGRANO,ESC.GRAL J. DE SAN MARTIN,6459,2,22
-63.26046828459995,-30.979056829599962,1,CHACON DE CUESTAS 0,14,215,PLAZA DE MERCEDES,ESC.PROV.M.BELGRANO,6884,14,22
-63.62746769999996,-29.802707599999977,2,PUBLICA S/N,15,226,LOS HOYOS,ESC PRO MARTIN GUEMES,6901,15,22
-63.82536760512387,-30.075879657618604,2,RAYO CORTADO,15,227,RAYO CORTADO,ESC.PROV.CNEL.F.DE BEDOYA,6902,15,22
-63.592564718609,-30.159823881897676,8,MAESTRO PIÑA 279,15,228,SEBASTIAN ELCANO,ESC.PROV. CNEL. A.H.CARPANI,6903,15,22
-63.72276000005944,-29.90621999656162,6,RECONQUISTA,15,229,VILLA DE MARIA DE RI,IPEM 224-LEOPOLDO LUGONES,6905,15,22
-63.799786629029676,-31.77547954612018,7,NARCISO LAPRIDA S/N,16,235,LAGUNA LARGA,ESC NARCISO LAPRIDA,6919,16,22
-63.799800913474115,-31.776630391364716,5,BV RIO CUARTO 599 CENTRO,16,235,LAGUNA LARGA,INST GRAL JOSE MARIA PAZ,6920,16,22
-63.538930000041354,-31.56035999556767,13,VILLA DEL ROSARIO,16,245,VILLA DEL ROSARIO,ESC MARQUES DE SOBREMONTE,6944,16,22
-63.534900000043486,-34.473599993971696,9,SERRANO,17,257,SERRANO,INS SAN ALBERTO Y SAN ENRIQUE,6966,17,22
-64.37783307775004,-31.854626791007604,1,PUBLICA S/N,2,0025B,LOS MOLINOS,ESC PROV JUAN LARREA,6463,2,22
-65.19653294936907,-31.953331842465126,7,PEDRO C MOLINA  S/N(B°TRADICION,19,268,VILLA DOLORES,ESC DOLORES AGUIRRE DE FUNES,6996,19,22
-63.049066119266094,-31.418655669349178,9,9 DE JULIO (B°CENTRO) 465,20,279,ARROYITO,CERVELLON/NTRA S DE LA MERCED,7018,20,22
-62.6731099999342,-31.01136999589021,7,GENERAL LAVALLE (B°IPV  NORTE) 150,20,280,BALNEARIA,ESC PABLO JULIO RODRIGUEZ,7023,20,22
-62.03896158154685,-30.866063014160222,11,25 DE MAYO 975(B°25 DE  MAYO),20,282,BRINKMANN,ESC 25 DE MAYO,7028,20,22
-62.89023792561001,-31.740998604384323,6,25 DE MAYO 381,20,288,EL ARAÑADO,ESC PROV CHACABUCO,7035,20,22
-62.09862999982838,-31.16560999579809,8,BV 12 DE OCTUBRE 681,20,291,FREYRE,COL STA TERESITA DEL N JESUS,7039,20,22
-62.2183799,-30.906482099999984,3,ALTE BROWN 231,20,294,LA PAQUITA,ESC PROV MARIANO MORENO,7044,20,22
-62.61749138038178,-31.803577473534766,4,LAS VARAS,20,297,LAS VARAS,ESC PROV MARIANO MORENO,7047,20,22
-63.19275000000422,-31.427599995645107,9,TRANSITO,20,314,TRANSITO,ESC PROV R GUTIERREZ,7078,20,22
-64.42471518457312,-31.656046407843387,10,JOSE HERNANDEZ(B°CAMARA)  201,21,316,ALTA GRACIA,ESC NAC NORM SUP ALTA GRACIA,7094,21,22
-64.40866849574655,-31.657006374962716,8,COLEGIO 127 LALAHENES,21,316,ALTA GRACIA,ESC REPUBLICA ITALIANA,7095,21,22
-64.43033377622478,-31.653867509968666,9,URUGUAY(B°NORTE) 200,21,316,ALTA GRACIA,ESCUELA SAN MARTIN,7101,21,22
-64.43605985730616,-31.657254031745587,10,PADRE DOMINGO VIERA 151,21,316,ALTA GRACIA,INST DE LA MISERICORDIA,7103,21,22
-64.43878055139254,-31.652372254751256,7,BV CARLOS PELLEGRINI 637,21,316,ALTA GRACIA,INST SUP ANGLO AMERICANO,7105,21,22
-64.43845132390831,-31.652845134784005,7,BV CARLOS PELLEGRINI 637,21,316,ALTA GRACIA,INST SUP ANGLO AMERICANO,7105,21,22
-64.35434100090002,-31.729710693500053,1,CALLE PUBLICA P/ANIZACATE 0,21,317,BAJO CHICO,ESC PROV B DE MONTEAGUDO,7106,21,22
-64.21610003145713,-31.765093731753485,7,CONGRESO 235,21,323,DESPEÑADEROS,ESC PROV 25 DE MAYO,7111,21,22
-64.36141000011779,-31.46840999562141,8,MALAGUEÑO,21,326,MALAGUEÑO,I.P.E.M.67-L.PIEDRABUENA,7116,21,22
-64.10191891249997,-29.578808990800013,2,POZO NUEVO,22,332,POZO NUEVO,ESC.PROV.FCO.PASCACIO MORENO,7139,22,22
-64.1129505788369,-29.93439608684758,1,PUBLICA S/N,22,334,CHUÑAHUASI,ESC PROV MARIANO MORENO,7141,22,22
-64.10720711815985,-32.16932555165938,14,SAN AGUSTIN 318,23,348,RIO TERCERO,COLEGIO JESUS MARIA Y JOSE,7165,23,22
-64.10472190930255,-32.180633006089906,10,ANGELINA ORTIZ ESQ  INDEPENDENCIA S/N,23,348,RIO TERCERO,ESC GREGORIA I PEREZ,7167,23,22
-64.12477327136389,-32.16580246812021,13,CHACABUCO 649,23,348,RIO TERCERO,ESC JOSE M ZAPIOLA,7168,23,22
-64.11713894263275,-32.17893144686521,12,25 DE FEBRERO 171,23,348,RIO TERCERO,ESC PROV R E DE SAN MARTIN,7170,23,22
-64.1265574992518,-32.16661748280941,6,D DE ROJAS S/N-B°LAS VILETAS,23,348,RIO TERCERO,ESC SUP DE COMERCIO,7171,23,22
-64.11138942373951,-32.177069722719416,17,GRAL PAZ Y ESPAÑA 390,23,348,RIO TERCERO,INST ALEXIS CARREL,7173,23,22
-63.80036739613981,-30.83882152120246,2,CANDELARIA,24,350,CANDELARIA,ESC PROV GRAL ARENALES,7179,24,22
-63.72123,-30.7397838,4,CAÑADA DE LUQUE,24,351,CAÑADA DE LUQUE,ESC.R.J.CARCANO,7180,24,22
-64.06816000009171,-30.702459996075625,5,REP ARGENTINA Y PTE PERON  S/N,24,359,VILLA DEL TOTORAL,ESC NORM SUP V DEL TOTORAL,7188,24,22
-63.59541308789995,-30.381771986000032,6,AV.SAN MARTIN 0,25,361,LAS ARRIAS,ESC.J.M.ESTRADA,7194,25,22
-63.84230147819998,-30.348278798,1,EL BAÑADO,25,362,EL BAÑADO,ESC PROV 25 DE MAYO,7195,25,22
-62.68819632302465,-32.63152463149391,21,25 DE MAYO 135,26,375,BELL VILLE,ESC.NORMAL F.ALCORTA,7215,26,22
-62.67942464269067,-32.625183359701,12,PTE PERON 414,26,375,BELL VILLE,ESCUELA A MATTERSON,7217,26,22
-62.775247582099986,-33.17078554800002,4,ITALIA 1320,26,385,ESCALANTE,ESC.M.C.G.DE MATOCCIA,7226,26,22
-62.62951659999994,-32.21279220000002,5,MAESTRO FERNANDEZ 538,26,397,SAN ANTONIO,ESC.PROV.P.PIZZURNO,7244,26,22
-64.30340600011314,-31.266810994900467,11,MALVINAS ARGENTINAS Y  SARMIENTO 0,3,0040A,MENDIOLAZA,ESC.PROV. D.F.SARMIENTO,6521,3,22
-64.30943700011365,-31.3138199948721,13,JOSE ACCASTELLI 252,3,0041A,SALDAN,ESCUELA NOGAL HISTORICO,6524,3,22
-65.30892137299998,-30.37185834150003,1,LA BATEA,4,0055A,LA BATEA,ESC.PROV.DEAN G.FUNES,6559,4,22
-65.36124104349996,-31.010576873800005,1,PUBLICA S/N,10,0139B,LA PLAYA,ESC PROV GRAJ J DE SAN MARTIN,6711,10,22
-64.96381416119947,-31.359019980762575,1,TALA CAÑADA,11,0146A,TALA CAÑADA,ESC.PROV.M.BELGRANO,6721,11,22
-64.4727956001281,-31.02577819588018,3,AV SAN MARTIN 762,12,0152A,VILLA GIARDINO,COL JUANA MICONO DE GIARDIN,6769,12,22
-64.5591503170355,-31.388525315166422,1,CALLE 10 0,12,0158A,CABALANGO,ESC.PROV.D. FRENCH,6779,12,22
-63.889000199999955,-33.636881699999975,2,SARMIENTO 0,13,0184A,MONTE DE LOS  GAUCHOS,ESC.PROV.M.BELGRANO,6859,13,22
-62.94410429999998,-30.183202,2,PUBLICA S/N,15,0227A,LA RINCONADA,ESC PROV GUILLERMO BROWN,6908,15,22
-63.27659009999993,-31.8628413,2,CALCHIN OESTE,16,0230A,CALCHIN OESTE,ESC.PROV.M.BELGRANO,6946,16,22
-62.0851,-31.4266,17,CABRERA(B°GENERAL ROCA)  1736,20,0310A,SAN FCO.SECC.NORTE,ESC JOSE BERRNARDO ITURRASPE,7089,20,22
-64.35569230000002,-31.591279899999986,6,CALLE 7 ESQUINA 0,21,0316J,VILLA PARQUE SANTA A,ESC.PROV.P.PIZZURNO,7133,21,22
-64.57588339829994,-31.91989306539999,3,MANUEL BELGRANO S/N,2,20,LOS REARTES,ESC PROV PEDRO B PALACIOS,6439,2,23
-64.26760919999995,-31.008296599999966,8,LA GRANJA,3,27,LA GRANJA,ESCUELA DR. PABLO RUEDA,6467,3,23
-64.09499566743472,-30.980867434058023,15,AV. DR. FRANCISCO N. DE  LAPRIDA 649 649,3,33,JESUS MARIA,ESC.PROVC.F.O. DE OCAMPO,6484,3,23
-63.27851010519998,-33.07823783149996,3,DIESCISEIS 582,6,76,CHAZON,ESC PROV M R DE LA TORRE,6582,6,23
-63.129869571076284,-32.909610458356674,5,BV.SRMIENTO Y S.NICOLA 390,6,77,ETRURIA,INSTITUTO SEC. GRAL PAZ,6584,6,23
-63.123950200850246,-32.040239961052016,8,LA PLAYOSA,6,79,LA PLAYOSA,ESC.PROV. 25 DE MAYO,6586,6,23
-64.34243799193925,-30.429313454052565,9,SANTIAGO DEL ESTERO Y LAS  HERAS 0,7,95,DEAN FUNES,ESC.A.M.SOBRAL,6619,7,23
-64.36233725145702,-30.414813764432484,10,JERONIMO L DE CABRERA L  ALGARROBO 451,7,95,DEAN FUNES,ESC.M.J.G.DE BELGRANO,6621,7,23
-64.24934795731771,-31.43952386343517,8,AVIADOR MIRA VILLA AD 2658,1,0010E,CAPITAL,ESC PADRE BURON,6235,1,23
-63.293723828508014,-33.42013629249501,12,ACOSTA 673,8,112,LA CARLOTA,ESC.FORTIN HEROICO,6650,8,23
-62.30049999988356,-32.6585699949426,11,LEONES,9,131,LEONES,ESC DE COMERCIO Y BACHILLERATO,6682,9,23
-62.1011931720468,-32.69725290817774,11,SAN MARTIN 694,9,133,MARCOS JUAREZ,ESC BERNARDINO RIVADAVIA,6687,9,23
-62.10881118158329,-32.691679482487494,17,R SAENZ PEÑA Y S DEL ESTERO,9,133,MARCOS JUAREZ,ESC NORMAL SUP DR M BELGRANO,6689,9,23
-64.46441000012699,-31.316449995710386,8,ROQUE SAENZ PEÑA 91,12,147,BIALET MASSE,ESC DR BIALET MASSE,6724,12,23
-64.46585776846864,-31.2375791945555,10,OBISPO BUSTOS 816,12,150,COSQUIN,COLEGIO PARROQUIAL PIO XII,6730,12,23
-64.46584066256098,-31.255419981088334,6,MONS DE ANDREA S/N B°SANTA  TERESITA,12,150,COSQUIN,ESC ESP DR J REYES CONTRERAS,6731,12,23
-64.46592877648722,-31.24296292516872,12,SAN MARTIN Y SARMIENTO S/N,12,150,COSQUIN,ESC TTE GRAL JULIO A ROCA,6733,12,23
-64.49547000012987,-31.07337999585388,8,HUERTA GRANDE,12,152,HUERTA GRANDE,ESC BERNARDINO RIVADAVIA,6737,12,23
-64.49390540013,-30.952411595923806,6,RIO NEGRO S/N B°ARGENTINO,12,153,LA CUMBRE,ESC M E H DE GONZALEZ ELIZALDE,6740,12,23
-64.49390540013,-30.952411595923806,8,9 DE JULIO 564 B°GOLF,12,153,LA CUMBRE,INSTITUTO GRAL SAN MARTIN,6741,12,23
-64.45497815807904,-31.276519797143088,6,LAVALLE 2730 VILLA BUSTOS,12,157,SANTA MARIA,COLEGIO SAN ROQUE,6760,12,23
-64.59387000013851,-31.35798999568576,8,MARIANO MORENO 597 B°VILLA  NUEVA,12,158,TANTI,ESC DOMINGO FAUSTINO SARMIENTO,6763,12,23
-64.99557225304237,-33.17367485251635,8,ACHIRAS,13,160,ACHIRAS,ESC DOMINGO FAUSTINO SARMIENTO,6782,13,23
-64.34513553089313,-33.132555328500885,12,LAVALLE 1452,13,188,RIO CUARTO,ESC BARTOLOME MITRE,6839,13,23
-63.340473087201666,-31.029529147511116,2,FIGUEROA ALCORTA S/N,14,200,DIEGO DE ROJAS,ESC M.C.CALDECOT DE ARGUELLO,6866,14,23
-63.252931906364545,-30.889556538654013,6,SAN LORENZO 698,14,205,LA PUERTA,ESC PROV FRAY MAMERTO ESQUIU,6872,14,23
-63.39875000002681,-31.158019995803723,8,SANTA ROSA,14,220,SANTA ROSA,ESC PBRO JOSE G BROCHERO,6891,14,23
-63.39875000002681,-31.158019995803723,12,SANTA ROSA,14,220,SANTA ROSA,INSTITUTO EL SALVADOR,6892,14,23
-63.80557109117096,-31.77910477970982,8,RIVADAVIA 66 MALVINAS  ARGENTINAS,16,235,LAGUNA LARGA,ESC BERNARDINO RIVADAVIA,6918,16,23
-63.679266616453674,-31.912800446466846,7,ONCATIVO,16,239,ONCATIVO,J DE INF EMILIO F OLMOS,6928,16,23
-63.614391014799956,-31.595540296300026,2,RINCON,16,242,RINCON,ESC PROV NICOLAS AVELLANEDA,6935,16,23
-63.41691000002874,-31.391749995666224,7,SANTIAGO TEMPLE,16,244,SANTIAGO TEMPLE,ESC CORONEL PRINGLES,6942,16,23
-64.45635152402332,-32.17947634635067,9,VILLA DEL DIQUE,2,0024A,VILLA DEL DIQUE,ESC.PROV.ALMIRANTE BROWN,6461,2,23
-63.92075457512502,-34.004008937434456,7,BERNARDINO ANCE(B°NORTE)  601,17,252,LEVALLE,ESC GRAL NICOLAS LEVALLE,6961,17,23
-65.0208404987162,-31.70819858356482,7,MARIANO MORENO(B°CENTRO)  291,18,261,BROCHERO,ESC JOSE GABRIEL BROCHERO,6970,18,23
-64.99734383897881,-31.720438120311993,6,AV HERNAN CORTEZ(B°MAYTHE)  1060,18,262,MINA CLAVERO,ESC MAESTRO D F SARMIENTO,6973,18,23
-65.04725025727106,-32.21661958537421,5,VELEZ SARSFIELD Y BRAULIO  FUNES,19,269,LA PAZ,ESC PROV JOSE M PAZ,7002,19,23
-65.04725025727106,-32.21661958537421,3,LA PAZ,19,269,LA PAZ,INST JUAN BAUTISTA ALBERDI,7003,19,23
-65.05863646259421,-32.148933342563865,4,PUBLICA 0,19,273,LUYABA,ESC.PROV.EMILIO F.OLMOS,7007,19,23
-62.339517281021735,-30.95765505004518,6,SARMIENTO 543,20,278,ALTOS DE CHIPION,ESC.PROV.RECONQUISTA,7017,20,23
-62.6731099999342,-31.01136999589021,4,BALNEARIA,20,280,BALNEARIA,INST JUAN BAUTISTA ALBERDI,7025,20,23
-62.032334867523616,-30.625885123973884,1,PUBLICA S/N,20,287,DOS HERMANOS,ESC PROV L DE LA TORRE,7034,20,23
-62.71106447530111,-31.874357797707564,10,SGTO CABRAL 521,20,298,LAS VARILLAS,ESC BARTOLOME MITRE,7048,20,23
-62.71525880021244,-31.873915683662396,8,INDEPENDENCIA 294,20,298,LAS VARILLAS,ESC BERNARDINO RIVADAVIA,7049,20,23
-61.99978217815495,-30.711032764772998,5,SARMIENTO 208,20,304,MORTEROS,ESC BERNARDINO RIVADAVIA,7058,20,23
-62.008665592431406,-30.707616906321782,10,EMILIO F OLMOS 375,20,304,MORTEROS,ESC D VELEZ SARSFIELD,7059,20,23
-62.00693482124734,-30.712634593900876,15,BV 9 DE JULIO 1008,20,304,MORTEROS,ESCUELA CRISTO REY,7060,20,23
-62.06192999981853,-31.014019995887658,7,PORTEÑA,20,305,PORTEÑA,INST BERNARDINO RIVADAVIA,7062,20,23
-64.43103024018377,-31.65767507747709,1,B°LINIERS,21,316,ALTA GRACIA,ESC SANTIAGO DE LINIERS,7096,21,23
-63.70534000005763,-32.700439994919236,6,SAN LUIS Y GENERAL PAZ S/N,23,342,LAS PERDICES,ESC CNEL DOMINGO GAY,7155,23,23
-63.57326805955466,-32.042655929767605,13,DON BOSCO S/N,23,344,OLIVA,C0LEGIO SAGRADO CORAZON,7158,23,23
-63.97506000008276,-32.24981999517199,7,BARTOLOME MITRE 451,23,349,TANCACHA,ESC PROV JOSE M PAZ,7175,23,23
-64.70748297409997,-29.805439924,4,PUBLICA 0,25,366,LUCIO V MANSILLA,ESC.MARIA L.ROBLEDO,7200,25,23
-62.85607165202579,-33.15166931968101,7,SAN MARTIN 451,26,389,LABORDE,INST SUP DE PROFESORADO,7230,26,23
-62.594745608168346,-33.20617495604219,13,9 DE JULIO 2250,26,391,MONTE MAIZ,INSTITUTO SAGRADO CORAZON,7233,26,23
-62.86583999996711,-32.840979994841156,7,CALLE 10 N°119,26,394,ORDOÑEZ,ESCUELA AMADEO AUCHTER,7238,26,23
-63.04173999998905,-33.12520999468507,3,PASCANAS,26,395,PASCANAS,ESC MAESTRO J RECALDE,7239,26,23
-63.04173999998905,-33.12520999468507,5,ESPAÑA 16,26,395,PASCANAS,INST GALA ORTIZ FERNANDEZ,7240,26,23
-64.46250850834066,-31.34792846437816,4,VILLA PARQUE SIQUIMAN,12,0147B,VA PQUE SIQUIMAN,ESC DR JERONIMO J DEL BARCO,6768,12,23
-63.3265208,-31.4031486,1,PUBLICA S/N,16,0244A,LOS CHAÑARITOS,ESC PROV ESTANISLAO DEL CAMPO,6951,16,23
-64.95759652960001,-31.483232044100045,1,PUBLICA S/N,18,0260A,EL VOLCAN,ESC PROV JUAN P PRINGLES,6980,18,23
-62.234532371800015,-31.05117785719996,1,SARMIENTO S/N,20,0294A,COLONIA VALTELINA,ESC PROV NICOLAS AVELLANEDA,7084,20,23
-64.7732581438,-31.89527234240002,2,PUBLICA S/N,2,0328A,LA CUMBRECITA,ESC BARTOLOME MITRE,6466,2,23
