"id","mesa_hasta","codigo_distrito","mesa_desde","codigo_postal","cant_mesas","direccion","seccion","circuito","localidad","distrito","establecimiento","dne_distrito_id","dne_seccion_id"
"6089","7","4","1","5000","7","DEAN FUNES 417","1","00001","CAPITAL","CÓRDOBA","CENTRO EDUC.NIVEL MEDIO ADULTO","4","1"
"6090","36","4","20","5000","17","OBISPO TREJO 294","1","00001","CAPITAL","CÓRDOBA","COL NAC DE MONSERRAT","4","1"
"6091","19","4","8","5000","12","BELGRANO 269","1","00001","CAPITAL","CÓRDOBA","ESC NUESTRA SEÑORA DEL HUERTO","4","1"
"6092","46","4","37","5000","10","OBISPO TREJO Y SANABRIA 160","1","00001","CAPITAL","CÓRDOBA","ESC SANTA TERESA DE JESUS","4","1"
"6093","63","4","47","5000","17","GRAL PAZ 486","1","00002","CAPITAL","CÓRDOBA","ESC JUAN BAUTISTA ALBERDI","4","1"
"6094","78","4","64","5000","15","SANTA ROSA 650","1","00003","CAPITAL","CÓRDOBA","ESC JERONIMO LUIS DE CABRERA","4","1"
"6095","121","4","108","5000","14","SANTA ROSA ESQ SANTA FE","1","00003","CAPITAL","CÓRDOBA","ESC MARIANO MORENO","4","1"
"6096","107","4","98","5000","10","AV COLON 951","1","00003","CAPITAL","CÓRDOBA","ESC NORMAL ALEJANDRO CARBO","4","1"
"6097","97","4","90","5000","8","CASEROS 745","1","00003","CAPITAL","CÓRDOBA","ESC SANTO TOMAS","4","1"
"6098","89","4","79","5000","11","DEAN FUNES 850","1","00003","CAPITAL","CÓRDOBA","IPEM N° 270 GRAL M BELGRANO","4","1"
"6099","147","4","132","5000","16","PERU 10","1","00004","CAPITAL","CÓRDOBA","COL NACIONAL DEAN FUNES","4","1"
"6100","131","4","122","5000","10","ITUZAINGO 483","1","00004","CAPITAL","CÓRDOBA","ENET N° 3 LEOPOLDO LUGONES","4","1"
"6101","156","4","148","5000","9","C ARENAL 699 B°R MARTINEZ","1","00004","CAPITAL","CÓRDOBA","ESC GDOR ALVAREZ","4","1"
"6102","172","4","157","5000","16","AV VALPARAISO CDAD  UNIVERSITARIA","1","00004","CAPITAL","CÓRDOBA","FAC DE CIENCIAS ECONOMICAS","4","1"
"6105","331","4","326","5000","6","ESTADOS UNIDOS Y RIO 1°  B°ALTAMIRA","1","00005","CAPITAL","CÓRDOBA","ESC ESTANISLAO DEL CAMPO","4","1"
"6106","342","4","332","5000","11","ENTRE RIOS 3373 B°PQUE SAN  VICENTE","1","00005","CAPITAL","CÓRDOBA","ESC M FRAGUEIRO","4","1"
"6107","325","4","318","5000","8","SOTO 919 - B°ACOST","1","00005","CAPITAL","CÓRDOBA","ESC PANAMERICANA","4","1"
"6108","550","4","544","5000","7","AVDA PATRIA 282 B°ALTO GRAL  PA","1","00006","CAPITAL","CÓRDOBA","COL SAN RAMON NONATO","4","1"
"6109","543","4","535","5000","9","GARIBALDI 710 B°ALTO GRAL  PAZ","1","00006","CAPITAL","CÓRDOBA","ESC TENIENTE GRAL ARAMBURU","4","1"
"6110","636","4","636","5000","1","CNO PAJAS BLANCAS KM 8","1","00007","CAPITAL","CÓRDOBA","ESC J FUNES DE BONET","4","1"
"6111","854","4","853","5000","2","OCARINA 1613 - B° V CLAUDINA","1","00008","CAPITAL","CÓRDOBA","ESC RABINDRANAT TAGORE","4","1"
"6112","955","4","948","5000","8","DOMINGO ZIPOLI 1358  B°ESCOBA","1","00009","CAPITAL","CÓRDOBA","ESC PROVINCIA DE CORRIENTES","4","1"
"6113","965","4","956","5000","10","NAZARET 3399 - B° LAS ROSAS","1","00009","CAPITAL","CÓRDOBA","INST ESCUTI","4","1"
"6114","1191","4","1182","5000","10","AV VELEZ SARSFIELD 1490  B°GÜEMES","1","00010","CAPITAL","CÓRDOBA","E.N.E.T. N°1 DR A SABATTINI","4","1"
"6115","1200","4","1192","5000","9","SUECIA 2832 B° PQUE VELEZ  SARSFIELD","1","00010","CAPITAL","CÓRDOBA","ESC MANUEL BELGRANO","4","1"
"6116","1163","4","1150","5000","14","AV VELEZ SARSFIELD 1000  B°GÜEMES","1","00010","CAPITAL","CÓRDOBA","ESC ROQUE SAENZ PEÑA","4","1"
"6117","1181","4","1164","5000","18","FERREYRA Y FRIULI B°COL DE V  SARSF","1","00010","CAPITAL","CÓRDOBA","INST EDUCACION CORDOBA","4","1"
"6118","1606","4","1595","5000","12","SUBOF OTANO S/N° B°  AERONAUTICO","1","00011","CAPITAL","CÓRDOBA","ESC ISABEL LA CATOLICA","4","1"
"6119","2054","4","2047","5000","8","J.LLERENA 5561 - B° SAN  LORENZO","1","00012","CAPITAL","CÓRDOBA","ESC CONSTANCIO C VIGIL","4","1"
"6120","2046","4","2035","5000","12","BENAVIDEZ Y CANESA - B°N  AVELLANEDA","1","00012","CAPITAL","CÓRDOBA","ESC JUAN XXIII","4","1"
"6122","2376","4","2367","5000","10","M DE JAUREGUI 1657 B°L N  ALEM","1","00013","CAPITAL","CÓRDOBA","ESC ARISTOBULO DEL VALLE","4","1"
"6123","2382","4","2377","5000","6","COLOMPREA 1500 B° ALEM","1","00013","CAPITAL","CÓRDOBA","ESC ASOCIACION DE MAYO","4","1"
"6124","2366","4","2355","5000","12","DIAG ICA Y CAMICALTA B°L N  ALEM","1","00013","CAPITAL","CÓRDOBA","ESC PADRE DIEGO DE TORRES","4","1"
"6125","2765","4","2748","5000","18","AV MARTINOLI 3950","1","00014","CAPITAL","CÓRDOBA","COLEGIO LA SALLE","4","1"
"6126","193","4","187","5000","7","CHANETON 390 B° SAN  FERNANDO","1","0004A","CAPITAL","CÓRDOBA","ESC ALMAFUERTE","4","1"
"6127","201","4","194","5000","8","J I DIAZ 200 B° EJERCITO  ARGENTINO","1","0004A","CAPITAL","CÓRDOBA","ESC COM R ECHEGOYEN","4","1"
"6128","186","4","180","5000","7","MONTERROSO 4597 B° ARTIGAS","1","0004A","CAPITAL","CÓRDOBA","ESC ERNESTO BANCALARI","4","1"
"6129","229","4","202","5016","28","GUARDADO 184 B°LAS FLORES","1","0004A","CAPITAL","CÓRDOBA","ESC SAN FRANCISCO DE ASIS","4","1"
"6130","274","4","262","5000","13","ELIAS YOFRE 1095 - B° JARDIN","1","0004B","CAPITAL","CÓRDOBA","COL NICOLAS BERROTARAN","4","1"
"6131","261","4","252","5000","10","P.L.DE CABRERA ESQ.TANTI B°V.  REVOL","1","0004B","CAPITAL","CÓRDOBA","ESC ING MASJOAN","4","1"
"6132","251","4","230","5000","22","INCA MANCO 3450 - B°JARDIN  ESPINOSA","1","0004B","CAPITAL","CÓRDOBA","INST EDUC NTRA SEÑORA","4","1"
"6133","279","4","275","5000","5","DEFENSA S/N° LA HUERTILLA","1","0004C","CAPITAL","CÓRDOBA","ESC L SUAREZ DE FIGUEROA","4","1"
"6134","286","4","280","5000","7","PIZARRO ESQ. NIVOLI","1","0004C","CAPITAL","CÓRDOBA","ESC SAN JOSE DE CALASANZ","4","1"
"6135","291","4","287","5000","5","CNO A SAN CARLOS KM.5 1/2","1","0004D","CAPITAL","CÓRDOBA","COL VILLA EUCARISTICA","4","1"
"6139","348","4","343","5000","6","S JERONIMO 5500/ALMAGRO  COL LOLA","1","0005A","CAPITAL","CÓRDOBA","ESC MUNICIPAL A GASTALDI","4","1"
"6140","363","4","358","5000","6","JOSE A CABRERA 4717 B°DEAN  FUNES","1","0005B","CAPITAL","CÓRDOBA","ESC 9 DE JULIO","4","1"
"6141","396","4","389","5000","8","ANCASTI 4555 B°EMPALME","1","0005C","CAPITAL","CÓRDOBA","ESC JUAN M DE PUEYRREDON","4","1"
"6142","376","4","364","5000","13","JUNIN 3480 B°EMPALME","1","0005C","CAPITAL","CÓRDOBA","ESC PROVINCIA DE LA RIOJA","4","1"
"6143","388","4","377","5000","12","CAUCETE 4008 B°EMPALME","1","0005C","CAPITAL","CÓRDOBA","ESC VICTOR MERCANTE","4","1"
"6145","401","4","397","","5","LAS ARRIAS 4043 B°EMPALME","1","0005C","CAPITAL","CÓRDOBA","INST SEC EMPALME GONZALEZ LACA","4","1"
"6146","435","4","428","5000","8","CAMPO LA RIBERA","1","0005D","CAPITAL","CÓRDOBA","BAC TEC DR F ESCARDO","4","1"
"6147","419","4","414","5000","6","CAMPO LA RIBERA","1","0005D","CAPITAL","CÓRDOBA","ESC CANONIGO PIÑERO","4","1"
"6148","427","4","420","5000","8","OBPO CASTELLANOS 256  B°MÜLLER","1","0005D","CAPITAL","CÓRDOBA","ESC MARTIN DE GÜEMES","4","1"
"6149","443","4","436","5000","8","OB.CASTELLANO 955,S.VICENTE","1","0005D","CAPITAL","CÓRDOBA","IPEM 184-M.FRAGUEIRO","4","1"
"6150","451","4","444","5000","8","BENJAMIN VIEL 2387 - B°V  BUSTOS","1","0005E","CAPITAL","CÓRDOBA","ESC TTE GRAL P RICCHIERI","4","1"
"6152","468","4","457","5000","12","M BRAVO Y PJE.MATHEUB°  RENACIMIENTO","1","0005F","CAPITAL","CÓRDOBA","ESC M COOPERATIVISMO ARGENTINO","4","1"
"6153","517","4","511","5000","7","SARGENTO CABRAL 1153 B°SAN  VICENTE","1","0005G","CAPITAL","CÓRDOBA","ESC A F AVALOS","4","1"
"6154","490","4","478","5000","13","LOPEZ Y PLANES 2253 B°SAN  VICENTE","1","0005G","CAPITAL","CÓRDOBA","ESC DGO F SARMIENTO","4","1"
"6155","510","4","502","5000","9","CORRIENTES 2006 B°SAN  VICENTE","1","0005G","CAPITAL","CÓRDOBA","ESC MARIA IGNACIA NAVARRO DE L","4","1"
"6156","501","4","491","5000","11","AGUSTIN GARZON 1563 B°SAN  VICENTE","1","0005G","CAPITAL","CÓRDOBA","ESC PTE RIVADAVIA","4","1"
"6157","477","4","469","5000","9","LOPEZ Y PLANES 2936 B°SAN  VICENTE","1","0005G","CAPITAL","CÓRDOBA","ESC SANTA MARGARITA DE CORTONA","4","1"
"6161","552","4","551","5000","2","PUBLICA S/N° B°SANGRE Y SO","1","0006A","CAPITAL","CÓRDOBA","ESC MUNICIPAL DR A SOBRAL","4","1"
"6162","553","4","553","5000","1","CNO CHACRA DE LA MERCED KM  6 1/2","1","0006B","CAPITAL","CÓRDOBA","ESC VAN GELDEREN","4","1"
"6163","586","4","568","5000","19","VIAMONTE 150 B°GRAL PAZ","1","0006C","CAPITAL","CÓRDOBA","ESC NORMAL GARZON AGULLA","4","1"
"6164","567","4","554","5000","14","VIAMONTE 446 B°GRAL.PAZ","1","0006C","CAPITAL","CÓRDOBA","ESC RAMON J CARCANO","4","1"
"6165","607","4","597","5000","11","ARENALES Y LA PLATA  B°JUNIORS","1","0006D","CAPITAL","CÓRDOBA","ESC BRIGADIER C SAAVEDRA","4","1"
"6166","596","4","587","5000","10","LEONOR DE TEJEDA B°JUNIORS  1353","1","0006D","CAPITAL","CÓRDOBA","ESC GABRIELA MISTRAL","4","1"
"6167","612","4","608","5000","5","CNO CHACRA DE LA MERCED KM  9 Y 1/2","1","0006E","CAPITAL","CÓRDOBA","ESC TRANSITO CACERES DE ALLEND","4","1"
"6168","635","4","625","5000","11","GERMANIA 2500 B°YAPEYU","1","0006F","CAPITAL","CÓRDOBA","ESC GDOR AMADEO SABATTINI","4","1"
"6169","624","4","613","5000","12","24 DE SETIEMBRE 2400  B°YAPEYU","1","0006F","CAPITAL","CÓRDOBA","ESC R GÜIRALDES","4","1"
"6172","673","4","656","5000","18","MANUEL LUCERO 560 B°ALTA  CORDOBA","1","0007B","CAPITAL","CÓRDOBA","ESC MANUEL LUCERO","4","1"
"6173","684","4","674","5000","11","TRAFALGAR 875 B°ALTA  CORDOBA","1","0007B","CAPITAL","CÓRDOBA","ESC PCIA DE ENTRE RIOS","4","1"
"6174","697","4","685","5000","13","A DEL VISO 445 B°ALTA  CORDOBA","1","0007B","CAPITAL","CÓRDOBA","INST CORAZON DE MARIA","4","1"
"6175","720","4","710","5000","11","LAVALLEJA 2257 B°ALTA  CORDOBA","1","0007B","CAPITAL","CÓRDOBA","INST MANUEL LUCERO","4","1"
"6176","709","4","698","5000","12","M FRAGUEIRO B°ALTA CORDOBA  2400","1","0007B","CAPITAL","CÓRDOBA","INST NUESTRA MADRE DE LA MERCE","4","1"
"6177","721","4","721","5000","1","MATIENZO 5895 B°J NEWBERY","1","0007C","CAPITAL","CÓRDOBA","ESC J NEWBERY","4","1"
"6178","738","4","732","5000","7","RODRIGUEZ PEÑA 1548  B°COFICO","1","0007D","CAPITAL","CÓRDOBA","ESC PCIA DE FORMOSA","4","1"
"6179","731","4","722","5000","10","R SAENZ PEÑA 1212 B°COFICO","1","0007D","CAPITAL","CÓRDOBA","ESC PTE SARMIENTO","4","1"
"6180","747","4","739","5000","9","JERONIMO LUIS DE CABRERA  834","1","0007D","CAPITAL","CÓRDOBA","ESC. GARCIA FAURE","4","1"
"6181","761","4","748","5000","14","T DE IROBI B°M DE  SOBREMONTE","1","0007E","CAPITAL","CÓRDOBA","ESC HONORATO LACONI","4","1"
"6182","775","4","762","5000","14","P DE GUZMAN 131 B°M DE  SOBREMONTE","1","0007E","CAPITAL","CÓRDOBA","ESC PETER PAN","4","1"
"6184","778","4","776","5000","3","NUFLO DE AGUILAR 541","1","0007E","CAPITAL","CÓRDOBA","J DE INF B.RIVADAVIA","4","1"
"6185","786","4","779","5000","8","PEREZ CORREA 1500 M DE  SOBREMONTE","1","0007E","CAPITAL","CÓRDOBA","JOSE LUIS SERCIC","4","1"
"6186","803","4","794","5000","10","MATIENZO 5895 B°J NEWBERY","1","0007F","CAPITAL","CÓRDOBA","ESC JORGE NEWBERY","4","1"
"6187","812","4","804","5000","9","CTDA 8 S/N°B°R DE ESCALAD","1","0007F","CAPITAL","CÓRDOBA","ESC NACIONES UNIDAS","4","1"
"6189","830","4","819","5000","12","AVELLANEDA 4100  B°MFRAGUEIRO","1","0007G","CAPITAL","CÓRDOBA","ESC ARTURO CAPDEVILA","4","1"
"6190","842","4","831","5000","12","FRAGUEIRO (MANZANA ""C""  4200","1","0007G","CAPITAL","CÓRDOBA","ESC FRANCISCO VIDAL","4","1"
"6192","844","4","843","5000","2","AVELLANEDA 4100 B°M  FRAGUEIRO","1","0007G","CAPITAL","CÓRDOBA","J DE INF ARTURO CAPDEVILA","4","1"
"6193","846","4","845","5000","2","FRAGUEIRO (MANZANA ""C""  4200","1","0007G","CAPITAL","CÓRDOBA","J DE INF FCO VIDAL","4","1"
"6194","865","4","855","5000","11","BARRIENTOS Y HERRERA B°AMPL  PALMAR","1","0008A","CAPITAL","CÓRDOBA","ESC EMILIO E SANCHEZ","4","1"
"6195","890","4","881","5000","10","ANA M JANER 1551  B°PUEYRREDON","1","0008B","CAPITAL","CÓRDOBA","ESC DEAN FUNES","4","1"
"6196","872","4","866","5000","7","ESQUIU 1340 B°PUEYRREDON","1","0008B","CAPITAL","CÓRDOBA","ESC FRAY J A DE SAN ALBERTO","4","1"
"6197","912","4","901","5000","12","PADRE LUIS MONTI 1850  B°PUEYRREDON","1","0008B","CAPITAL","CÓRDOBA","ESC ROBLES","4","1"
"6198","880","4","873","5000","8","ANA M JANER 1250  B°PUEYRREDON","1","0008B","CAPITAL","CÓRDOBA","INST OBISPO CAIXAL","4","1"
"6199","922","4","913","5000","10","BUCHARDO 1729 B°  PUEYRREDON","1","0008B","CAPITAL","CÓRDOBA","INST SAGRADA FAMILIA","4","1"
"6200","900","4","891","5000","10","ROMA 1153 B°PUEYRREDON","1","0008B","CAPITAL","CÓRDOBA","INST SAGRADO CORAZON","4","1"
"6201","947","4","935","5000","13","SAN MARTIN S/N° B° YOFRE SUD","1","0008C","CAPITAL","CÓRDOBA","ESC ALMIRANTE BROWN","4","1"
"6202","934","4","923","5000","12","E SAN MARTIN 1251 B°YOFRE  SUD","1","0008C","CAPITAL","CÓRDOBA","ESC TRINIDAD MORENO","4","1"
"6203","980","4","973","5000","8","CIUDAD DEL BARCO 3315 LA  FRANC","1","0009A","CAPITAL","CÓRDOBA","COL PQUIAL C NAMUNCURA","4","1"
"6204","972","4","966","5000","7","TALAVERA DE MADRID 3261  B°LA FRANCE","1","0009A","CAPITAL","CÓRDOBA","ESC MAHATMA GANDHI","4","1"
"6205","994","4","989","5000","6","MALVINO 2772 B°LAS  MARGARITAS","1","0009B","CAPITAL","CÓRDOBA","ESC CONGRESO DE TUCUMAN","4","1"
"6206","1004","4","995","5000","10","LA GRANJA 3199 B°ALTO VERDE","1","0009B","CAPITAL","CÓRDOBA","ESC MIGUEL RODRIGUEZ DE LA TOR","4","1"
"6207","988","4","981","5000","8","J.LOPEZ 2050 B°ALTOS DE V  CABRER","1","0009B","CAPITAL","CÓRDOBA","ESC RICARDO ROJAS","4","1"
"6208","1024","4","1015","5000","10","FCO VALLE 2443 B°LOS  PARAISOS","1","0009C","CAPITAL","CÓRDOBA","COLEGIO FERMIN LAFITTE","4","1"
"6209","1014","4","1005","5000","10","PLATON 3030 B°LOS PARAISO","1","0009C","CAPITAL","CÓRDOBA","ESC DE COMERCIO J J PASO","4","1"
"6210","1031","4","1025","5000","7","ZARATE 2083 - B° ZUMARAN","1","0009C","CAPITAL","CÓRDOBA","ESC JUVENILIA","4","1"
"6211","1045","4","1032","5000","14","FIRPO 2254 B° ZUMAR","1","0009C","CAPITAL","CÓRDOBA","ESC PCIA DE MISIONES","4","1"
"6212","1053","4","1046","5000","8","RAUL CASARIEGO 4479 B°P  LUGONES","1","0009D","CAPITAL","CÓRDOBA","COL EL SALVADOR","4","1"
"6213","1063","4","1054","5000","10","LESPADA Y GALVEZ B°POETA  LUGONES","1","0009D","CAPITAL","CÓRDOBA","ESC LEOPOLDO LUGONES","4","1"
"6215","1086","4","1073","5000","14","CASTRO BARROS 802 B°SAN  MARTIN","1","0009E","CAPITAL","CÓRDOBA","ESC PTE HIPOLITO YRIGOYEN","4","1"
"6216","1131","4","1124","5000","8","ZELAYA 140 B°SAN MARTIN","1","0009F","CAPITAL","CÓRDOBA","COL NTRA SEÑORA DE LA MERCED","4","1"
"6217","1099","4","1087","5000","13","SAAVEDRA 619 B°SAN MARTIN","1","0009F","CAPITAL","CÓRDOBA","ESC ANTONIO DEL VISO","4","1"
"6218","1123","4","1117","5000","7","CERRITO Y GALAN B°SAN  MARTIN","1","0009F","CAPITAL","CÓRDOBA","ESC J DE SAN MARTIN","4","1"
"6219","1116","4","1100","5000","17","CASTRO BARROS 1316 B°SAN  MARTIN","1","0009F","CAPITAL","CÓRDOBA","INST INMACULADA CONCEPCION","4","1"
"6220","1149","4","1142","5000","8","JULIAN PAZ 1851 VILLA CABRERA","1","0009G","CAPITAL","CÓRDOBA","ESC PRESIDENTE KENNEDY","4","1"
"6221","1141","4","1132","5000","10","CIUDAD DE TAMPA 2954 VILLA  CABRERA","1","0009G","CAPITAL","CÓRDOBA","INSTITUTO PEÑA","4","1"
"6222","1208","4","1201","5000","8","COLORADO/GAIMAN/MASCACHI N B°CABILDO","1","0010A","CAPITAL","CÓRDOBA","ESC MUN YAMAHIBIA ARABE LIBIA","4","1"
"6224","1247","4","1237","5000","11","CACHEUTA Y BRANDAN-ALTO  V.SARSFIELD","1","0010B","CAPITAL","CÓRDOBA","ESC GDOR J B BUSTOS","4","1"
"6225","1230","4","1214","5000","17","AV VELEZ SARSFIELD 3200 LAS  FLORE","1","0010B","CAPITAL","CÓRDOBA","ESC PCIA DE CATAMARCA","4","1"
"6226","1236","4","1231","5000","6","TRAFUL 908 B°PQUE ATLANTICA","1","0010B","CAPITAL","CÓRDOBA","ESC REPUBLICA DE SIRIA","4","1"
"6228","1264","4","1249","5000","16","ICHO CRUZ S/N° B° COMERCIAL","1","0010C","CAPITAL","CÓRDOBA","ESC ALEJANDRO CARBO","4","1"
"6229","1269","4","1265","5000","5","SOBREMONTE Y RIO III  B°COMERCIAL","1","0010C","CAPITAL","CÓRDOBA","ESC MUNIC AZOR GRIMAUT","4","1"
"6230","1275","4","1270","5000","6","REALICO Y CURAZAO B°  CONGRESO","1","0010D","CAPITAL","CÓRDOBA","ESC MUNIC REPUBLICA DE ITALIA","4","1"
"6232","1307","4","1299","5000","9","PETIROSSI Y BONN-ESTACION  FLORES","1","0010E","CAPITAL","CÓRDOBA","ESC ALAS ARGENTINA","4","1"
"6234","1312","4","1308","5000","5","PUBLICA S/N B°SACHI","1","0010E","CAPITAL","CÓRDOBA","ESC MUNIC CESAR E ROMERO","4","1"
"6235","1297","4","1290","5000","8","AVIADOR MIRA VILLA AD 2658","1","0010E","CAPITAL","CÓRDOBA","ESC PADRE BURON","4","1"
"6237","1335","4","1323","5000","13","VARELA ORTIZ 2600 B°  MATIENZO","1","0010F","CAPITAL","CÓRDOBA","COL NUESTRA SEÑORA DE FATIMA","4","1"
"6238","1322","4","1313","5000","10","ESMERALDA/CAP GRELLA B°  MATIENZO","1","0010F","CAPITAL","CÓRDOBA","ESC AERONAUTICA ARGENTINA","4","1"
"6239","1348","4","1343","5000","6","DIAZ DE LA FUENTE 3101  B°MATIENZO","1","0010F","CAPITAL","CÓRDOBA","ESC MIGUEL A ZABALA ORTIZ","4","1"
"6240","1342","4","1336","5000","7","SAN CAYETANO Y BRAILE  B°AMEGHINO(S)","1","0010F","CAPITAL","CÓRDOBA","ESC REPUBLICA ARGENTINA","4","1"
"6241","1401","4","1384","5000","18","AYACUCHO 442 B° GUEMES","1","0010G","CAPITAL","CÓRDOBA","COL NUESTRA SEÑORA DE NIEVA","4","1"
"6242","1374","4","1349","5000","26","MARIANO MORENO 551 B°  OBSERVATORIO","1","0010G","CAPITAL","CÓRDOBA","E.N.E.T. N° 4 COPERNICO","4","1"
"6243","1383","4","1375","5000","9","LA PAMPA 550 B°P DE LOS AND","1","0010G","CAPITAL","CÓRDOBA","EE UU DE NORTEAMERICA","4","1"
"6244","1409","4","1402","5000","8","BOLIVAR 896 B° GÜEM","1","0010G","CAPITAL","CÓRDOBA","ESC ADOLFO SALDIAS","4","1"
"6245","1418","4","1410","5000","9","AV FUERZA AEREA B°PARQUE  CAPITA","1","0010H","CAPITAL","CÓRDOBA","ESC GDOR EMILIO OLMOS","4","1"
"6246","1438","4","1432","5000","7","UNO ESQ DOCE B°AMPL  ROSEDAL","1","0010H","CAPITAL","CÓRDOBA","ESC MUNIC DR A DEL CASTILLO","4","1"
"6247","1431","4","1419","5000","13","ESPORA 2283 B°ROSEDAL","1","0010H","CAPITAL","CÓRDOBA","ESC R ESCALADA DE SAN MARTIN","4","1"
"6252","1481","4","1471","5000","11","CASADO 634 STA ISABEL 1RA  SECCION","1","0010J","CAPITAL","CÓRDOBA","ESC BANDERA ARGENTINA","4","1"
"6253","1498","4","1493","5000","6","OLAVARRIA S/N° STA ISABEL 2DA  SECC","1","0010J","CAPITAL","CÓRDOBA","ESC MUNIC FERNANDEZ ORDOÑEZ","4","1"
"6255","1492","4","1482","5000","11","J.B.COTTOLENGO 1955","1","0010J","CAPITAL","CÓRDOBA","ESCUELA DON ORIONE","4","1"
"6256","1518","4","1507","5000","12","BARBADOS Y HAITI B° VICOR","1","0010K","CAPITAL","CÓRDOBA","ESC BENITO SORIA","4","1"
"6257","1567","4","1562","5000","6","ARANI Y PJE. 17 V EL  LIBERTADOR","1","0010L","CAPITAL","CÓRDOBA","COL SAN JOSE OBRERO","4","1"
"6258","1542","4","1533","5000","10","DEFENSA Y CACHEUTA B°V.EL  LIBERTADOR 109","1","0010L","CAPITAL","CÓRDOBA","ESC MARTA JUANA GONZALEZ","4","1"
"6259","1550","4","1543","5000","8","PILCOMAYO S/N°V EL  LIBERTADOR","1","0010L","CAPITAL","CÓRDOBA","ESC MUNIC ALICIA MOREAU DE JUS","4","1"
"6261","1532","4","1525","5000","8","CALLE 49 S/N° VILLA EL  LIBERTADOR","1","0010L","CAPITAL","CÓRDOBA","ESC PROV DE SGO DEL ESTERO","4","1"
"6262","1561","4","1551","5000","11","TOTORAL Y ARICA B°SANTA  ROSA","1","0010L","CAPITAL","CÓRDOBA","ESC PTE DR ARTURO U ILLIA","4","1"
"6263","1576","4","1568","5000","9","ANIZACATE/CALLE 49 V. EL  LIBERTADOR","1","0010L","CAPITAL","CÓRDOBA","ESC VICENTE FORESTIERI","4","1"
"6267","1635","4","1629","5000","7","MONS DE ANDREA 1044 B° A  ALBERDI","1","0011A","CAPITAL","CÓRDOBA","ESC BLAS PARERA","4","1"
"6268","1670","4","1656","5000","15","AV COLON 2772 B° ALTO  ALBERDI","1","0011A","CAPITAL","CÓRDOBA","ESC JOSE MARIA PAZ","4","1"
"6269","1675","4","1671","5000","5","DUARTE QUIROS 3950 ALTO  ALBERDI","1","0011A","CAPITAL","CÓRDOBA","ESC MOYANO COUDERT","4","1"
"6270","1618","4","1607","5000","12","VELEZ 252 B° ALTO ALBERDI","1","0011A","CAPITAL","CÓRDOBA","ESC PQUIAL SAN JOSE","4","1"
"6271","1646","4","1636","5000","11","CASEROS 3055 B° ALTO ALBERDI","1","0011A","CAPITAL","CÓRDOBA","ESC SAN JOSE","4","1"
"6272","1655","4","1647","5000","9","SANTA ROSA 2037 B° ALTO  ALBERDI","1","0011A","CAPITAL","CÓRDOBA","ESC SAN LUIS GONZAGA","4","1"
"6273","1628","4","1619","5000","10","CASEROS Y VIEYTES B° ALTO  ALBERD","1","0011A","CAPITAL","CÓRDOBA","ESC SUP DE COMERCIO H VIEYTES","4","1"
"6274","1695","4","1685","5000","11","B° GENERAL DEHEZA","1","0011B","CAPITAL","CÓRDOBA","ESC ANTARTIDA ARGENTINA","4","1"
"6275","1684","4","1676","5000","9","J VESPIGNANI 215 B° DON  BOSCO","1","0011B","CAPITAL","CÓRDOBA","INSTITUTO TECNICO DON BOSCO","4","1"
"6276","1712","4","1696","5000","17","AV COLON 4751 B°LAS PALMAS","1","0011C","CAPITAL","CÓRDOBA","ESC GRAL SAN MARTIN","4","1"
"6277","1726","4","1713","5000","14","DUARTE QUIROS 4725 B° LAS  PALMAS","1","0011C","CAPITAL","CÓRDOBA","ESC MANUEL E PIZARRO","4","1"
"6278","1733","4","1727","5000","7","QUEBRACHO HERRADO Y YAVI  LAS PALMAS","1","0011C","CAPITAL","CÓRDOBA","ESC MUNIC JUSTO PAEZ MOLINA","4","1"
"6281","1776","4","1769","5000","8","BLAMEY LAFORE 1248 - B°SAN  RAFAEL B","1","0011D","CAPITAL","CÓRDOBA","ESC SANTISIMA TRINIDAD","4","1"
"6282","1756","4","1739","5000","18","VIEYTES SUD 1607 B° LOS  NARANJOS","1","0011D","CAPITAL","CÓRDOBA","INST JESUS MARIA","4","1"
"6283","1805","4","1799","5000","7","ALBERTO WILLIAMS ESQ.LOS  PLATANOS","1","0011E","CAPITAL","CÓRDOBA","ESC A CAPDEVILA","4","1"
"6284","1787","4","1777","5000","11","SAN LUIS 3450 - B° LOS  PLATANOS","1","0011E","CAPITAL","CÓRDOBA","ESC B DE MONTEAGUDO","4","1"
"6285","1798","4","1788","5000","11","AV LOS PLATANOS 1346","1","0011E","CAPITAL","CÓRDOBA","ESC JOSE MARMOL","4","1"
"6286","1814","4","1806","5000","9","OCHO ESQ NUEVE B°LOS  GRANAD","1","0011E","CAPITAL","CÓRDOBA","ESC PADRE T GAMBINO","4","1"
"6287","1821","4","1815","5000","7","GAONA 1285","1","0011E","CAPITAL","CÓRDOBA","ESC.MUNIC.DR.CARLOS BECERRA","4","1"
"6288","1829","4","1822","5000","8","AV DON BOSCO 5500 B° LOS  ROBLES","1","0011F","CAPITAL","CÓRDOBA","COL SAN BUENAVENTURA","4","1"
"6289","1840","4","1830","5000","11","POTRERILLO Y VENTA Y MEDIA","1","0011F","CAPITAL","CÓRDOBA","ESC BATERIA LIBERTAD","4","1"
"6290","1870","4","1861","5000","10","PUBLICA S/N B°PARQUE  REPUBLICA","1","0011G","CAPITAL","CÓRDOBA","ESC ATILIO ARGÜELLO","4","1"
"6292","1848","4","1841","5000","8","ALTO ALEGRE B°PQUE  REPUBLICA 1050","1","0011G","CAPITAL","CÓRDOBA","ESC PRIMER TTE AVILA","4","1"
"6294","1885","4","1876","5000","10","27 DE ABRIL 5650 B°QUEB LAS  ROSAS","1","0011H","CAPITAL","CÓRDOBA","ESC GABRIELA MISTRAL","4","1"
"6295","1894","4","1886","5000","9","BOYERO 517 - B°CHATEAU  CARRERAS","1","0011H","CAPITAL","CÓRDOBA","ESC REPUBLICA DE VENEZUELA","4","1"
"6297","1904","4","1895","5000","10","ABEL N DE CHAVEZ RES SAN  ROQUE","1","0011I","CAPITAL","CÓRDOBA","ESC MUNIC LUZ VIEYRA MENDEZ","4","1"
"6301","1980","4","1969","5000","12","SOL DE MAYO 726 B° OBRERO","1","0011J","CAPITAL","CÓRDOBA","COLEGIO SAN JOSE","4","1"
"6302","1986","4","1981","5000","6","FERREYRA R 2324 B°OBRERO","1","0011J","CAPITAL","CÓRDOBA","ESC GENERAL MOSCONI","4","1"
"6303","1968","4","1953","5000","16","SANTA ANA 2011 B°ALTO  ALBERDI","1","0011J","CAPITAL","CÓRDOBA","ESC LUTERANO CONCORDIA","4","1"
"6304","1952","4","1936","5000","17","ECHEVERRIA 370 B°ALTO  ALBERDI","1","0011J","CAPITAL","CÓRDOBA","ESC ROMA","4","1"
"6305","2012","4","2007","5014","6","HUMBTO PRIMO Y FALUCHO V  URQUIZA","1","0011K","CAPITAL","CÓRDOBA","COL MADRE PAULA MONTAL","4","1"
"6306","1994","4","1987","5000","8","LA RIOJA 3453 - B° VILLA SIBURU","1","0011K","CAPITAL","CÓRDOBA","ESC EJERCITO ARGENTINO","4","1"
"6307","2000","4","1995","5000","6","HUMBERTO 1° ESQ IROS VILLA  URQUIZA","1","0011K","CAPITAL","CÓRDOBA","ESC MUNIC E BAQUERO LASCANO","4","1"
"6308","2006","4","2001","5000","6","IGUALDAD 4100 VILLA URQUIZ","1","0011K","CAPITAL","CÓRDOBA","ESC MUNIC JUAN B JUSTO","4","1"
"6313","2074","4","2068","5000","7","CNO.SAN ANDRES/RUIZ  HUIDOBRO","1","0012A","CAPITAL","CÓRDOBA","ESC.MA.DEL TRANSITO CABANILLAS","4","1"
"6314","2067","4","2060","5000","8","11 DE SEPTIEMBRE ESQ. CALLE  2CARCANO 440","1","0012A","CAPITAL","CÓRDOBA","ESC.PROF.M.LUCIANI","4","1"
"6315","2112","4","2106","5000","7","TEJEDOR 1958 B°SARMIEN","1","0012B","CAPITAL","CÓRDOBA","ESC BARTOLOME HIDALGO","4","1"
"6316","2143","4","2139","5000","5","ORTIZ Y HERRERA 1932 B°CRISOL  N","1","0012B","CAPITAL","CÓRDOBA","ESC DR LUIS A CAEIRO","4","1"
"6317","2130","4","2121","5000","10","LUCIO V.MANSILLA ESQ. CADIZ","1","0012B","CAPITAL","CÓRDOBA","ESC HILARIO ASCASUBI","4","1"
"6318","2120","4","2113","5000","8","LUIS BRAILE 2273 B°SARMIEN","1","0012B","CAPITAL","CÓRDOBA","ESC JUAN LARREA","4","1"
"6319","2088","4","2075","5000","14","LA CORUÑA Y MONSERRAT  B°CRISOL","1","0012B","CAPITAL","CÓRDOBA","ESC RUBEN DARIO","4","1"
"6320","2138","4","2131","5000","8","LUIS BRAILE 2384 B°SARMIENTO","1","0012B","CAPITAL","CÓRDOBA","INST MANUEL BELGRANO","4","1"
"6321","2105","4","2089","5000","17","REVOLUCION DE MAYO 1476  B°COLON","1","0012B","CAPITAL","CÓRDOBA","INST NTRA SRA DEL SGDO CORAZON","4","1"
"6322","2156","4","2144","5000","13","ALTOLAGUIRRE 680 B°CNEL  OLMEDO","1","0012C","CAPITAL","CÓRDOBA","ESC CORONEL OLMEDO","4","1"
"6323","2210","4","2203","5000","8","CHIRINO DE POSADAS 5400  B°S.FELIPE","1","0012D","CAPITAL","CÓRDOBA","CENTRO EDUC.ING.REGINO M.MADER","4","1"
"6324","2166","4","2157","5000","10","17 DE JULIO 380 B°FVRO MITR","1","0012D","CAPITAL","CÓRDOBA","ESC MONSEÑOR M DE ANDREA","4","1"
"6325","2202","4","2196","5000","7","MANZANA 63, B° 23 DE  ABRIL(CNOINTERF","1","0012D","CAPITAL","CÓRDOBA","ESC MUNIC DOMINGO F SARMIENTO","4","1"
"6326","2195","4","2188","5000","8","CHIRINO DE POSADAS  ESQ.MAGUNA 4600","1","0012D","CAPITAL","CÓRDOBA","ESC MUNIC DR ARTURO H ILLIA","4","1"
"6327","2187","4","2180","5000","8","DIEGO DE PACHECO 4900","1","0012D","CAPITAL","CÓRDOBA","ESC MUNICIPAL DR A SABATTINI","4","1"
"6328","2179","4","2167","5000","13","PJE GUASTONI 3472 B° BRIG S  MARTIN","1","0012D","CAPITAL","CÓRDOBA","ESC PEDRO GOYENA","4","1"
"6331","2238","4","2231","5000","8","SGO MORALES 4400 B°FERREYRA","1","0012E","CAPITAL","CÓRDOBA","ESC LIBERTADOR GRAL S MARTIN","4","1"
"6332","2230","4","2226","5000","5","RUTA 9 KM 8 1/2","1","0012E","CAPITAL","CÓRDOBA","ESC REPUBLICA DE COSTA RICA","4","1"
"6333","2279","4","2273","5014","7","BOTAFOGO 3448 B° J.ESPINOSA","1","0012F","CAPITAL","CÓRDOBA","COL.JOVENES ARGENTINOS","4","1"
"6334","2272","4","2265","5000","8","CASTAÑARES 470 - B°JARDIN  DEL PILAR","1","0012F","CAPITAL","CÓRDOBA","ESC EJERCITO ARGENTINO","4","1"
"6335","2264","4","2255","5000","10","OLAEN Y AMBOY - B° OÑA","1","0012F","CAPITAL","CÓRDOBA","ESC GRAL MANUEL BELGRANO","4","1"
"6336","2254","4","2248","5000","7","BRAGADO/TRENQUE LAUQUEN  B°J HERNDEZ","1","0012F","CAPITAL","CÓRDOBA","ESC MUNIC BRIG JUAN I DE S MAR","4","1"
"6337","2247","4","2239","5000","9","PAMPAYASTA Y RUMIPAL  B°PQUE SCARLOS","1","0012F","CAPITAL","CÓRDOBA","ESC MUNIC E MOLINARI ROMERO","4","1"
"6339","2289","4","2280","5000","10","B. DE O'HIGGINS 2656","1","0012F","CAPITAL","CÓRDOBA","IPEM 167 JOSE MANUEL ESTRADA","4","1"
"6341","2312","4","2300","5000","13","STEPHENSON Y FULTON  B°ITUZAINGO","1","0012G","CAPITAL","CÓRDOBA","ESC EJERCITO ARGENTINO","4","1"
"6342","2299","4","2294","5000","6","VUCETICH 6410 B°ITUZAINGO","1","0012G","CAPITAL","CÓRDOBA","ESC PRIMARIA CARLOS M DE ALVEA","4","1"
"6343","2318","4","2313","5000","6","FARADAY 5721 B°LOS  EUCALIPTUS","1","0012G","CAPITAL","CÓRDOBA","ESC SECUNDARIA CARLOS M DE ALV","4","1"
"6344","2347","4","2341","5000","7","AV B DE O'HIGGINS KM 8 1/2","1","0012H","CAPITAL","CÓRDOBA","ESC JOSE M ESTRADA","4","1"
"6346","2340","4","2332","5000","9","B DE O'HIGGINS 3500 B°S.E.P.","1","0012H","CAPITAL","CÓRDOBA","ESC RAUL A FERREYRA","4","1"
"6347","2349","4","2348","5000","2","B DE O'HIGGINS 3500 B°S.E.P","1","0012H","CAPITAL","CÓRDOBA","J DE INF RAUL A.FERREYRA","4","1"
"6349","2406","4","2393","5000","14","FDO DE LESSEPS 140 B°CENTRO  AMERICA","1","0013A","CAPITAL","CÓRDOBA","ESC FRANCISCO A RIZZUTO","4","1"
"6350","2392","4","2383","5000","10","J DE OLMEDO 650 B°LOS  GIGANTES","1","0013A","CAPITAL","CÓRDOBA","ESC HENOCH D AGUIAR","4","1"
"6351","2434","4","2430","5000","5","MARTINEZ PAZ 80 B°CENTRO  AMERICA","1","0013A","CAPITAL","CÓRDOBA","ESC MUNIC DR P CARANDE CARRO","4","1"
"6352","2429","4","2418","5000","12","NERUDA Y ACAMPES B° VILLA  AZALAIS","1","0013A","CAPITAL","CÓRDOBA","ESC P ALBARRACIN DE SARMIENTO","4","1"
"6353","2417","4","2407","5000","11","ALVAREZ DE LAS CASAS 280  AYACUCH","1","0013A","CAPITAL","CÓRDOBA","ESC R SANCHEZ DE CALDELARI","4","1"
"6354","2435","4","2435","5000","1","RUTA 111 KM 12","1","0013B","CAPITAL","CÓRDOBA","ESC FLORENCIO SANCHEZ","4","1"
"6355","2477","4","2469","5000","9","GIANELLI 500 B°GRAL BUSTOS","1","0013C","CAPITAL","CÓRDOBA","COLEGIO HORTUS CONCLUSUS","4","1"
"6356","2468","4","2456","5000","13","AUGUSTO LOPEZ 643 B°GRAL  BUSTOS","1","0013C","CAPITAL","CÓRDOBA","ESC ALEJO CARMEN GUZMAN","4","1"
"6357","2447","4","2436","5000","12","MAURICIO YADAROLA 653  B°GRAL BUSTOS","1","0013C","CAPITAL","CÓRDOBA","ESC CAPITAL FEDERAL","4","1"
"6358","2455","4","2448","5000","8","CURA BROCHERO B°GRAL BUSTO  753","1","0013C","CAPITAL","CÓRDOBA","ESC CRISTO REY","4","1"
"6360","2488","4","2485","5012","4","CNO MONTE CRISTO KM 5","1","0013E","CAPITAL","CÓRDOBA","ESC REPUBLICA DE LA INDIA","4","1"
"6361","2511","4","2510","5000","2","TREDENTINA 1945 B°NUEVA  ITALIA","1","0013F","CAPITAL","CÓRDOBA","CENTRO VECINAL ZONA 111","4","1"
"6362","2499","4","2489","5000","11","TREDENTINA B°NUEVA ITALI  2160","1","0013F","CAPITAL","CÓRDOBA","ESC MODELO RACING","4","1"
"6363","2509","4","2500","5000","10","P DE LEDESMA B°PQUE MTE  CRIST 1755","1","0013F","CAPITAL","CÓRDOBA","ESC SGTO CABRAL","4","1"
"6365","2542","4","2536","5000","7","STORNI S/N B°PQUE LICEO 3RA  SECC","1","0013G","CAPITAL","CÓRDOBA","ESC MUNIC GDOR A ZANICHELLI","4","1"
"6369","2584","4","2570","5012","15","MADRE BRIGIDA PASTORINO  2733","1","0013H","CAPITAL","CÓRDOBA","COL HIJAS DE MARIA INMACULADA","4","1"
"6370","2569","4","2559","5000","11","USANDIVARAS 2254  B°PATRICIOS","1","0013H","CAPITAL","CÓRDOBA","ESC JOSE MARIA PAZ","4","1"
"6371","2604","4","2593","5000","12","ABRAMO 2545 B°BELGRANO","1","0013H","CAPITAL","CÓRDOBA","ESC MANUEL BELGRANO","4","1"
"6372","2609","4","2605","5000","5","H DE AYOHUMA S/N  B°PATRICIOS","1","0013H","CAPITAL","CÓRDOBA","ESC MUNIC DR D LATELLA FRIAS","4","1"
"6373","2592","4","2585","5000","8","USANDIVARAS 2050 VILLA  CORINA","1","0013H","CAPITAL","CÓRDOBA","ESC PARROQUIAL SAN ROQUE","4","1"
"6374","2622","4","2617","5000","6","PUBLICA S/N B°QTAS SAN JORGE  II","1","0013I","CAPITAL","CÓRDOBA","ESC MUNIC DR ALFREDO ORGAZ","4","1"
"6375","2616","4","2610","5000","7","QUINTA SAN JORGE","1","0013I","CAPITAL","CÓRDOBA","ESC MUNIC JORGE LUIS BORGES","4","1"
"6379","2649","4","2638","5000","12","JAMAICA 967 B°RESID AMERICA","1","0013J","CAPITAL","CÓRDOBA","ESC CURA BROCHERO","4","1"
"6380","2657","4","2650","5000","8","GELLY Y OBES 3110 VILLA  AZALAIS","1","0013J","CAPITAL","CÓRDOBA","ESC GDOR H DEL CASTILLO","4","1"
"6381","2681","4","2669","5000","13","J MONTAÑO 1350 B° VILLA  AZALAIZ","1","0013J","CAPITAL","CÓRDOBA","ESC JUSTO PAEZ MOLINA","4","1"
"6382","2702","4","2696","5000","7","FCO DEL PRADO 3900 V AZALAIS","1","0013J","CAPITAL","CÓRDOBA","ESC MUNIC J A PAREDES","4","1"
"6383","2668","4","2658","5000","11","NUEVO MUNDO 824 B°RESID  AMERICA","1","0013J","CAPITAL","CÓRDOBA","ESC PARROQUIAL L STUCCHI BAUDO","4","1"
"6384","2695","4","2682","5000","14","TISSERA 1551 B° L N ALEM","1","0013J","CAPITAL","CÓRDOBA","ESC VICENTE F LOPEZ","4","1"
"6386","2720","4","2719","5000","2","CNO J MARIA KM 8 1/2","1","0013L","CAPITAL","CÓRDOBA","ESC JORGE WASHINGTON ABALOS","4","1"
"6387","2722","4","2721","5000","2","CNO SGO DEL ESTERO KM 7 1/2","1","0013M","CAPITAL","CÓRDOBA","ESC OLEGARIO V ANDRADE","4","1"
"6388","2731","4","2723","5000","9","ALSINA 2032 B°YOFRE N","1","0013N","CAPITAL","CÓRDOBA","ESC DR ANTONIO NORES","4","1"
"6389","2744","4","2732","5000","13","JACINTO DE ALTOLAGUIRRE  B°YOFRE NORT 208","1","0013N","CAPITAL","CÓRDOBA","ESC MATEO J LUQUE","4","1"
"6391","2779","4","2766","5000","14","DOMINGO MARIMON/GABRIEL  ORTEGA","1","0014A","CAPITAL","CÓRDOBA","ESC BRIG SAN MARTIN","4","1"
"6393","2810","4","2800","5000","11","PUBLICA S/N IPV  SECTOR360ARGÜELLO N","1","0014A","CAPITAL","CÓRDOBA","ESC MARTHA A SALOTTI","4","1"
"6394","2791","4","2780","5147","12","MARTIN FERMIN B°ARGÜELLO  NORT 0","1","0014A","CAPITAL","CÓRDOBA","ESC RICARDO NASSIF","4","1"
"6395","2832","4","2827","5000","6","CUIMAN B°LA SALLE 6543","1","0014B","CAPITAL","CÓRDOBA","ESC ELISA K DE LIVACK","4","1"
"6396","2818","4","2811","5000","8","DOMINGO  ALBARIÑOS/ANTEQUEIRA  CASTRO","1","0014B","CAPITAL","CÓRDOBA","ESC MARTIN DE GÜEMES","4","1"
"6397","2826","4","2819","5000","8","NILO PECANHA S/N B°QTAS DE  ARGÜELLO","1","0014B","CAPITAL","CÓRDOBA","ESC MUNIC RAUL V MARTINEZ","4","1"
"6398","2845","4","2833","5000","13","AV ENRIQUE BODEREAU KM 14","1","0014C","CAPITAL","CÓRDOBA","INST CONCEPCIONISTA LA INMACUL","4","1"
"6399","2855","4","2846","5000","10","FDO FADER 3821 B°C DE LAS  ROSAS","1","0014D","CAPITAL","CÓRDOBA","ESC INGENIERO VICTOR REE","4","1"
"6400","2867","4","2856","5000","12","JOSE E BUSTOS 1875 C DE LAS  ROSAS","1","0014D","CAPITAL","CÓRDOBA","ESC JUAN ZORRILA DE SAN MARTIN","4","1"
"6402","2871","4","2868","5000","4","HNOS GRIMM 7168 B°UOCRA","1","0014E","CAPITAL","CÓRDOBA","ESC MODESTA RODRIGUEZ","4","1"
"6403","2879","4","2872","5000","8","VALERIO BETA B°ARGUELLO (N)  7300","1","0014E","CAPITAL","CÓRDOBA","ESC NIÑAS DE AYOHUMA","4","1"
"6404","2895","4","2885","5000","11","TRINIDAD ESQ ITALIA B°SILVANO  FUNES","1","0014F","CAPITAL","CÓRDOBA","ESC DR ALEJANDRO GALLARDO","4","1"
"6405","2905","4","2896","5000","10","CARLOS BROGGI S/N°  B°ARGÜELLO","1","0014F","CAPITAL","CÓRDOBA","ESC JAVIER LAZCANO COLODRERO","4","1"
"6406","2921","4","2914","5000","8","BV CORDOBA 100 B°LOS  BOULEVARES","1","0014G","CAPITAL","CÓRDOBA","ESC JUAN MARIA GUTIERREZ","4","1"
"6407","2913","4","2906","5000","8","2/TUCUMAN Y MENDOZA LOS  BOULEVARES","1","0014G","CAPITAL","CÓRDOBA","ESC MUNIC ING MASJOAN","4","1"
"6409","2934","4","2931","5000","4","REVELTO ESQ TOMASINI  B°MERCANTIL","1","0014H","CAPITAL","CÓRDOBA","ESC MUNIC MAESTRO M OLIVA","4","1"
"6410","2941","4","2935","5000","7","CINCO N°25 B°AMPL P LUGONE","1","0014I","CAPITAL","CÓRDOBA","ESC MAESTROS PUNTANOS","4","1"
"6411","2948","4","2942","5000","7","PIZARRO Y GRASS B°SANTA  CECILIA","1","0014I","CAPITAL","CÓRDOBA","ESC MUNIC ARSENIO MURUGARREN","4","1"
"6412","2964","4","2958","5000","7","TRECE BIS COL DEL CER","1","0014J","CAPITAL","CÓRDOBA","ESC REPUBLICA DE PANAMA","4","1"
"6413","2972","4","2965","5000","8","IGARZABAL 1250 B°URCA","1","0014J","CAPITAL","CÓRDOBA","ESC REPUBLICA DEL LIBANO","4","1"
"6415","2980","4","2973","5000","8","12 Y 14 VILLA ALLENDE PQUE","1","0014K","CAPITAL","CÓRDOBA","ESC MUNIC DR RAUL FERNANDEZ","4","1"
"6417","2992","4","2984","5000","9","AVOGADRO Y GAUSS VILLA  BELGRANO","1","0014L","CAPITAL","CÓRDOBA","ESC NUEVA JUAN MANTOVANI","4","1"
"6418","3000","4","2993","5000","8","D'ALEMBERT Y GAUSS","1","0014L","CAPITAL","CÓRDOBA","ESC RICARDO PALMA","4","1"
"6420","3026","4","3014","5000","13","C DE ARREDONDO 4446  B°CENTENARIO","1","0014M","CAPITAL","CÓRDOBA","ESC PRIMERA JUNTA","4","1"
"6421","3013","4","3001","5000","13","OB MOSCOSO Y PERALTA 2772 A  PALERMO","1","0014M","CAPITAL","CÓRDOBA","INST SAUL TABORDA","4","1"
"6423","3038","4","3031","5000","8","PUBLICA S/N°V CORNU","1","0014N","CAPITAL","CÓRDOBA","ESC MUNIC DR HORACIO GARCIA","4","1"
"6426","3067","4","3060","5000","8","COQUENA (VILLA 9 DE J 7985","1","0014O","CAPITAL","CÓRDOBA","ESC MUNIC SAUL TABORDA","4","1"
"6428","3077","4","3071","5000","7","LAGUNA LARGA/R LUNA V R  INDAR","1","0014P","CAPITAL","CÓRDOBA","ESC MUNIC DR JORGE ORGAZ","4","1"
"6429","3081","4","3078","5000","4","LAGUNA LARGA ESQ.RINCON DE  LUNA","1","0014P","CAPITAL","CÓRDOBA","IPEM N° 17","4","1"
"6490","3494","4","3486","5125","9","MALVINAS ARGENTINAS","3","00035","MALVINAS ARGENTINAS","CÓRDOBA","ESC.CAP.LUIS C.CANDELARIA","4","3"
"6491","3502","4","3495","5125","8","MALVINAS ARGENTINAS","3","00035","MALVINAS ARGENTINAS","CÓRDOBA","ESC.MUNIC.CIUDAD DE M.ARGENTIN","4","3"
"6492","3514","4","3503","5125","12","JUJUY ESQ. SARMIENTO S/N  MALVINAS AR 0","3","00035","MALVINAS ARGENTINAS","CÓRDOBA","I.P.E.M. N° 24","4","3"
"6503","3597","4","3589","5109","9","SARMIENTO Y VELEZ SARSFIELD  0","3","00040","UNQUILLO","CÓRDOBA","ESC.PROV. D.V.SARSFIELD","4","3"
"6504","3606","4","3598","5109","9","SPILIMBERGO 869","3","00040","UNQUILLO","CÓRDOBA","I.P.E.M. N° 23","4","3"
"6505","3621","4","3607","5109","15","COSTANERA LOS CIGARRALES B  750","3","00040","UNQUILLO","CÓRDOBA","I.P.E.M. N° 78","4","3"
"6506","3632","4","3622","5109","11","JUAN MILICH 0","3","00040","UNQUILLO","CÓRDOBA","INST.PARROQ.NTA.SRA DE LOURDES","4","3"
"6507","3729","4","3726","","4","GUEMES ESQ ALBERTI","3","00041","VILLA ALLENDE","CÓRDOBA","COLEGIO MARYLAND","4","3"
"6508","3678","4","3667","","12","VILLA ALLENDE","3","00041","VILLA ALLENDE","CÓRDOBA","COLEGIO SAN JOSE","4","3"
"6509","3666","4","3654","5105","13","GOYCOECHEA 150","3","00041","VILLA ALLENDE","CÓRDOBA","ESC.PROV. J.DE SAN MARTIN","4","3"
"6510","3715","4","3687","","29","25 DE MAYO ESQ. TABLADA 0","3","00041","VILLA ALLENDE","CÓRDOBA","INST GRAL S.MARTIN/17 DE AGOST","4","3"
"6511","3725","4","3716","5105","10","AV.SAN MARTIN 1070","3","00041","VILLA ALLENDE","CÓRDOBA","INSTITUTO NTA.SRA. DE LUJAN","4","3"
"6512","3686","4","3679","","8","LAPRIDA/GONZALEZ","3","00041","VILLA ALLENDE","CÓRDOBA","INSTITUTO PAULA A.DE SARMIENTO","4","3"
"6521","3643","4","3633","5107","11","MALVINAS ARGENTINAS Y  SARMIENTO 0","3","0040A","MENDIOLAZA","CÓRDOBA","ESC.PROV. D.F.SARMIENTO","4","3"
"6522","3653","4","3644","","10","MENDIOLAZA","3","0040A","MENDIOLAZA","CÓRDOBA","I.P.E.M.N° 317","4","3"
"6595","4246","4","4239","5900","8","SANTA FE 643","6","00089","VILLA MARIA","CÓRDOBA","CENMA N° 96","4","6"
"6596","4211","4","4200","5900","12","CATAMARCA 650","6","00089","VILLA MARIA","CÓRDOBA","ESC.COM.A.OCAMPO","4","6"
"6597","4075","4","4064","5900","12","BELGRANO 302","6","00089","VILLA MARIA","CÓRDOBA","ESC.DR. J.BIANCO","4","6"
"6598","4238","4","4226","5900","13","SANTA FE 1271","6","00089","VILLA MARIA","CÓRDOBA","ESC.J.INGENIEROS","4","6"
"6599","4155","4","4142","5900","14","BS.AS.E INT.MACIEL","6","00089","VILLA MARIA","CÓRDOBA","ESC.N.AVELLANEDA","4","6"
"6600","4184","4","4156","5900","29","SOBRAL 378","6","00089","VILLA MARIA","CÓRDOBA","ESC.N.V.MERCANTE","4","6"
"6601","4085","4","4076","5900","10","CHILE 565","6","00089","VILLA MARIA","CÓRDOBA","ESC.REP.DEL PARAGUAY","4","6"
"6602","4063","4","4054","5900","10","NAC. UNIDAS 385","6","00089","VILLA MARIA","CÓRDOBA","ESCUELA J.MARMOL","4","6"
"6603","4225","4","4212","5900","14","J.MULLER 651","6","00089","VILLA MARIA","CÓRDOBA","I.P.E.T. N° 2","4","6"
"6604","4141","4","4116","5900","26","SARSFIELD 1072","6","00089","VILLA MARIA","CÓRDOBA","INST.LA SANTISIMA TRINIDAD","4","6"
"6605","4115","4","4086","5900","30","BV.ALVEAR 68","6","00089","VILLA MARIA","CÓRDOBA","INSTITUTO DEL ROSARIO","4","6"
"6606","4250","4","4247","5900","4","RUCCI 141","6","00089","VILLA MARIA","CÓRDOBA","INSTITUTO SAN ANTONIO","4","6"
"6607","4199","4","4185","5900","15","S.DEL ESTERO 618","6","00089","VILLA MARIA","CÓRDOBA","IPEM N°275 EX COLEGIO NACIONAL","4","6"
"6686","4704","4","4692","2580","13","LARDIZABAL 545","9","00133","MARCOS JUAREZ","CÓRDOBA","COLEGIO SAGRADO CORAZON","4","9"
"6687","4732","4","4722","2580","11","SAN MARTIN 694","9","00133","MARCOS JUAREZ","CÓRDOBA","ESC BERNARDINO RIVADAVIA","4","9"
"6688","4752","4","4745","2580","8","SAN JUAN 1090 SUR","9","00133","MARCOS JUAREZ","CÓRDOBA","ESC MARIANO MORENO","4","9"
"6689","4721","4","4705","2580","17","R SAENZ PEÑA Y S DEL ESTERO","9","00133","MARCOS JUAREZ","CÓRDOBA","ESC NORMAL SUP DR M BELGRANO","4","9"
"6690","4757","4","4753","2580","5","HIPOLITO YRIGOYEN 1409  NOROESTE","9","00133","MARCOS JUAREZ","CÓRDOBA","ESCUELA BARTOLOME MITRE","4","9"
"6691","4744","4","4733","2580","12","MARCOS JUAREZ","9","00133","MARCOS JUAREZ","CÓRDOBA","IPEM N°51 NICOLAS AVELLANEDA","4","9"
"6748","5038","4","5022","5152","17","SAN MARTIN 255","12","00156","VILLA CARLOS PAZ","CÓRDOBA","ESC CARLOS NICANDRO PAZ","4","12"
"6749","5060","4","5051","5152","10","LOS CEIBOS S/N B°LA QUINTA 0","12","00156","VILLA CARLOS PAZ","CÓRDOBA","ESC ISLA DE LOS ESTADOS","4","12"
"6750","5050","4","5039","5152","12","LOS GIGANTES S/N-B°M MUÑOZ","12","00156","VILLA CARLOS PAZ","CÓRDOBA","ESC PRESIDENTE SARMIENTO","4","12"
"6751","5175","4","5168","5152","8","LAS MARGARITAS 255-VA  INDEPENDENCIA","12","00156","VILLA CARLOS PAZ","CÓRDOBA","ESC RICARDO BERNABE FERNANDEZ","4","12"
"6752","5081","4","5061","5152","21","SOLIS 283 B° VILLA DOMINGUEZ","12","00156","VILLA CARLOS PAZ","CÓRDOBA","INST ALFONSINA STORNI(EX IESS)","4","12"
"6753","5096","4","5082","5152","15","ASUNCION B°LA QUINTA 440","12","00156","VILLA CARLOS PAZ","CÓRDOBA","INST BERNARDO D'ELIA","4","12"
"6754","5157","4","5141","5152","17","ALFONSINA STORNI Y LOS  ALERCES 0","12","00156","VILLA CARLOS PAZ","CÓRDOBA","INST BILINGUE DANTE ALIGHIERI","4","12"
"6755","5122","4","5113","5152","10","FLORENCIO SANCHEZ S/N-B°LAS  MALVINAS","12","00156","VILLA CARLOS PAZ","CÓRDOBA","INST INDUSTRIAL CRISTO OBRERO","4","12"
"6758","5130","4","5123","5152","8","AMEGHINO Y BALCARCE","12","00156","VILLA CARLOS PAZ","CÓRDOBA","PRIMARIO JOSE DE SAN MARTIN","4","12"
"6759","5167","4","5158","","10","GOBERNADOR ROCA 53","12","00156","VILLA CARLOS PAZ","CÓRDOBA","UNIVERSIDAD TECNOLOGICA","4","12"
"6818","5503","4","5495","6140","9","LIB GENERAL SAN MARTIN 318  CENTRO","13","00183","VICUÑA MACKENNA","CÓRDOBA","ESC GRAL NAPOLEON URIBURU","4","13"
"6819","5494","4","5487","6140","8","SARMIENTO 672 CENTRO","13","00183","VICUÑA MACKENNA","CÓRDOBA","ESC GUIDO SPANO","4","13"
"6832","5686","4","5670","5800","17","BAIGORRIA 373","13","00188","RIO CUARTO","CÓRDOBA","COL NTRA SRA DEL CARMEN","4","13"
"6833","5811","4","5800","5800","12","ALVEAR 1040","13","00188","RIO CUARTO","CÓRDOBA","COLEGIO GALILEO GALILEI","4","13"
"6834","5823","4","5812","5800","12","FOTHERINGHAM 68","13","00188","RIO CUARTO","CÓRDOBA","COLEGIO HISPANO ARGENTINO","4","13"
"6835","5656","4","5648","5800","9","BOLIVAR Y ALBERDI","13","00188","RIO CUARTO","CÓRDOBA","DICHIARA-EX ESC.GRAL S.MARTIN","4","13"
"6836","5754","4","5743","5800","12","BAIGORRIA 527","13","00188","RIO CUARTO","CÓRDOBA","E.N.E.T. N° 1","4","13"
"6837","5728","4","5719","5800","10","BAIGORRIA 552","13","00188","RIO CUARTO","CÓRDOBA","ESC 21 DE JULIO","4","13"
"6838","5694","4","5687","5800","8","RIO QUINTO 660","13","00188","RIO CUARTO","CÓRDOBA","ESC ALTE BROWN","4","13"
"6839","5718","4","5707","5800","12","LAVALLE 1452","13","00188","RIO CUARTO","CÓRDOBA","ESC BARTOLOME MITRE","4","13"
"6840","5647","4","5638","5800","10","9 DE JULIO 314","13","00188","RIO CUARTO","CÓRDOBA","ESC FLORENTINO AMEGHINO","4","13"
"6841","5742","4","5729","5800","14","SOBREMONTE 1333","13","00188","RIO CUARTO","CÓRDOBA","ESC MANUEL BELGRANO","4","13"
"6842","5791","4","5782","5800","10","MENDOZA 1502","13","00188","RIO CUARTO","CÓRDOBA","ESC VELEZ SARSFIELD","4","13"
"6843","5625","4","5602","5800","24","CONSTITUCION 1040","13","00188","RIO CUARTO","CÓRDOBA","ESC.NORM.NAC.MIXTA","4","13"
"6844","5781","4","5755","5800","27","BAIGORRIA 463","13","00188","RIO CUARTO","CÓRDOBA","ESC.NORMAL COMERCIAL","4","13"
"6845","5669","4","5657","5800","13","MITRE 850","13","00188","RIO CUARTO","CÓRDOBA","ESCUELA GENERAL PAZ","4","13"
"6846","5706","4","5695","5800","12","PASO 790 B° SANTA ROSA","13","00188","RIO CUARTO","CÓRDOBA","ESCUELA GRAL ROCA","4","13"
"6847","5799","4","5792","5800","8","BV GRAL ROCA 701","13","00188","RIO CUARTO","CÓRDOBA","ESCUELA PIAS","4","13"
"6848","5637","4","5626","5800","12","SAN MARTIN 250","13","00188","RIO CUARTO","CÓRDOBA","INST SAN BUENAVENTURA","4","13"
"6925","6118","4","6112","5986","7","ONCATIVO","16","00239","ONCATIVO","CÓRDOBA","ESC DE COM L LUGONES(IPEM 158)","4","16"
"6926","6111","4","6100","5986","12","ONCATIVO","16","00239","ONCATIVO","CÓRDOBA","ESC JOSE MARIA PAZ","4","16"
"6927","6134","4","6126","5986","9","25 DE MAYO S/N","16","00239","ONCATIVO","CÓRDOBA","IPEM N°54 J E MULLER","4","16"
"6928","6125","4","6119","5986","7","ONCATIVO","16","00239","ONCATIVO","CÓRDOBA","J DE INF EMILIO F OLMOS","4","16"
"6952","6312","4","6305","6120","8","RIVADAVIA(B°CENTRO) 245","17","00248","LABOULAYE","CÓRDOBA","COLEGIO SAN JOSE","4","17"
"6955","6304","4","6299","6120","6","AV PELLEGRINI(B°LA  CHACARITA) 247","17","00248","LABOULAYE","CÓRDOBA","ESC LEONOR DE TEJEDA","4","17"
"6956","6288","4","6280","6120","9","AV INDEPENDENCIA(B°CENTRO)  475","17","00248","LABOULAYE","CÓRDOBA","I.P.E.M. 278-M.ARGENTINAS","4","17"
"6957","6322","4","6313","6120","10","AV  INDEPENDENCIA(B°TERMINAL)  512","17","00248","LABOULAYE","CÓRDOBA","IPEM 257 DR RENE FAVALORO","4","17"
"7158","7476","4","7464","5980","13","DON BOSCO S/N","23","00344","OLIVA","CÓRDOBA","C0LEGIO SAGRADO CORAZON","4","23"
"7159","7463","4","7457","5980","7","ALVEAR 320","23","00344","OLIVA","CÓRDOBA","ESC PROV BARTOLOME MITRE","4","23"
"7160","7488","4","7477","5980","12","OLIVA","23","00344","OLIVA","CÓRDOBA","ESCUELA NAC.DE COMERCIO","4","23"
"7164","7614","4","7609","","6","HILARIO CUADROS Y EDMUNDO  CARTOS S/N","23","00348","RIO TERCERO","CÓRDOBA","COLEGIO C SAAVEDRA LAMAS","4","23"
"7165","7572","4","7559","5850","14","SAN AGUSTIN 318","23","00348","RIO TERCERO","CÓRDOBA","COLEGIO JESUS MARIA Y JOSE","4","23"
"7166","7523","4","7509","5850","15","G.SAVIO Y MENDOZA","23","00348","RIO TERCERO","CÓRDOBA","E.N.E.T. N°1","4","23"
"7167","7582","4","7573","5850","10","ANGELINA ORTIZ ESQ  INDEPENDENCIA S/N","23","00348","RIO TERCERO","CÓRDOBA","ESC GREGORIA I PEREZ","4","23"
"7168","7595","4","7583","5850","13","CHACABUCO 649","23","00348","RIO TERCERO","CÓRDOBA","ESC JOSE M ZAPIOLA","4","23"
"7169","7508","4","7497","5850","12","AMINTA R DE HERRERA 455","23","00348","RIO TERCERO","CÓRDOBA","ESC PROV MODESTO ACUÑA","4","23"
"7170","7552","4","7541","5850","12","25 DE FEBRERO 171","23","00348","RIO TERCERO","CÓRDOBA","ESC PROV R E DE SAN MARTIN","4","23"
"7171","7558","4","7553","5850","6","D DE ROJAS S/N-B°LAS VILETAS","23","00348","RIO TERCERO","CÓRDOBA","ESC SUP DE COMERCIO","4","23"
"7172","7608","4","7596","5850","13","I.LA CATOLICA 190","23","00348","RIO TERCERO","CÓRDOBA","ESCUELA N° 402","4","23"
"7173","7540","4","7524","5850","17","GRAL PAZ Y ESPAÑA 390","23","00348","RIO TERCERO","CÓRDOBA","INST ALEXIS CARREL","4","23"
